Profile Name,Show,Has Watched,Is Interested,Event Date
Mymy ğŸŒ,Prison Break,true,false,2015-08-26
Mymy ğŸŒ,Sense8,true,false,2015-08-26
Mymy ğŸŒ,Gossip Girl,true,false,2015-08-26
Fabrice,Lost,true,false,2015-08-17
Fabrice,Better Call Saul,true,false,2015-08-17
Fabrice,The First Day of the Rest of Your Life,true,false,2015-08-17
Fabrice,Homeland,true,false,2015-08-17
Fabrice,I Am Number Four,true,false,2015-08-17
Fabrice,Under the Dome,true,false,2015-08-17
Fabrice,Teen Wolf,true,false,2015-08-17
Fabrice,The Vampire Diaries,true,false,2015-08-17
Fabrice,Dexter,true,false,2015-08-17
Fabrice,Bloodline,true,false,2015-08-17
Fabrice,Prison Break,true,false,2015-08-17
Fabrice,2012,true,false,2015-08-17
Fabrice,Seven Pounds,true,false,2015-08-17
Fabrice,Breaking Bad,true,false,2015-08-17
Fabrice,The Dark Knight,true,false,2015-08-17
Fabrice,Arrow,true,false,2015-08-17
Fabrice,The Walking Dead,true,false,2015-08-17
heisenberg,Sense8,true,false,2015-08-18
heisenberg,Better Call Saul,true,false,2015-08-18
heisenberg,Arrow,true,false,2015-08-18
