Profile Name,Title Name,Country,Utc Title Add Date
invitees ,The Queen's Gambit,France,2022-12-24
invitees ,Up for Love,France,2022-12-24
invitees ,Our Great National Parks,France,2022-04-14
invitees ,Spider-Man: Homecoming,France,2021-12-31
invitees ,The Sinner,France,2021-11-01
invitees ,Stuck Together,France,2021-10-31
invitees ,Marley & Me,France,2021-10-31
invitees ,The Sinner,France,2021-07-06
invitees ,The Haunting of Bly Manor,France,2020-11-16
invitees ,In Her Name,France,2020-11-10
invitees ,Mars,France,2020-06-15
invitees ,The Stranded,France,2020-06-01
invitees ,Dynasty,France,2020-05-20
invitees ,Dynasty,France,2020-05-15
invitees ,Black Lightning,France,2020-04-01
invitees ,Cathedral of the Sea,France,2020-01-21
invitees ,Dark,France,2020-01-21
invitees ,The Shannara Chronicles,France,2020-01-21
invitees ,The King,France,2019-10-30
invitees ,Criminal: France,France,2019-09-14
invitees ,The Equalizer,France,2019-04-06
invitees ,The Inmate,France,2018-12-20
invitees ,The Diving Bell and the Butterfly,France,2018-12-02
invitees ,Bodyguard,France,2018-10-16
invitees ,Maniac,France,2018-10-09
invitees ,The Terminal,France,2018-10-09
invitees ,The Resistance Banker,France,2018-09-13
invitees ,Unsolved,France,2018-06-18
invitees ,The Last Kingdom,France,2018-06-14
invitees ,Money Heist,France,2018-04-10
invitees ,The 100,France,2018-04-07
invitees ,Orphan Black,France,2018-04-07
heisenberg,"ariana grande: excuse me, i love you",Argentina,2023-02-25
heisenberg,AngÃ¨le,Argentina,2023-02-25
heisenberg,Eat Pray Love,Argentina,2023-02-21
heisenberg,ATHENA,Argentina,2023-02-20
heisenberg,Stuck Together,Argentina,2023-02-20
heisenberg,I Lost My Body,Argentina,2023-02-17
heisenberg,Seven Years in Tibet,Argentina,2023-02-17
heisenberg,Marriage Story,Argentina,2023-02-17
heisenberg,All Quiet on the Western Front,Argentina,2023-02-12
heisenberg,The Chair,Argentina,2023-01-26
heisenberg,Bodyguard,Argentina,2023-01-26
heisenberg,Sense8: Creating the World,Argentina,2023-01-21
heisenberg,The Boy Who Harnessed the Wind,Argentina,2023-01-20
heisenberg,A Trip to Infinity,Argentina,2023-01-20
heisenberg,Winter on Fire: Ukraine's Fight for Freedom,Argentina,2023-01-19
heisenberg,The Trader (Sovdagari),Argentina,2023-01-19
heisenberg,A Trip to Infinity,Argentina,2023-01-19
heisenberg,Tell Me Who I Am,Argentina,2023-01-17
heisenberg,Black Holes | The Edge of All We Know,Argentina,2023-01-17
heisenberg,RRR (Hindi),Argentina,2023-01-17
heisenberg,Standing Up,Argentina,2023-01-17
heisenberg,Closer,Argentina,2023-01-17
heisenberg,Alice in Borderland,Argentina,2023-01-17
heisenberg,Expedition Happiness,Argentina,2023-01-17
heisenberg,"I, Tonya",Argentina,2023-01-16
heisenberg,D.B. Cooper: Where Are You?!,Argentina,2023-01-13
heisenberg,Aftershock: Everest and the Nepal Earthquake,Argentina,2023-01-11
heisenberg,Expedition Happiness,Argentina,2023-01-10
heisenberg,"Ram Dass, Going Home",Argentina,2023-01-10
heisenberg,Diagnosis,Argentina,2023-01-10
heisenberg,Thai Cave Rescue,Argentina,2023-01-10
heisenberg,From Scratch,Argentina,2023-01-10
heisenberg,Terrorism Close Calls,Argentina,2023-01-08
heisenberg,Midnight Diner,Argentina,2023-01-08
heisenberg,Criminal: France,Argentina,2023-01-08
heisenberg,Chef's Table: Pizza,Argentina,2023-01-07
heisenberg,Purple Hearts,Argentina,2023-01-07
heisenberg,Passion simple,Argentina,2023-01-07
heisenberg,Guillermo del Toro's Cabinet of Curiosities,Argentina,2023-01-06
heisenberg,The Swimmers,Argentina,2023-01-06
heisenberg,Magical Andes,Argentina,2023-01-06
heisenberg,The River Runner,Argentina,2023-01-04
heisenberg,Kaleidoscope,Argentina,2023-01-01
heisenberg,Human Playground,Argentina,2022-12-21
heisenberg,Stutz,Argentina,2022-12-19
heisenberg,Harry & Meghan,Argentina,2022-12-10
heisenberg,Panayotis Pascot: Almost,Argentina,2022-11-04
heisenberg,The Defiant Ones,Argentina,2022-11-01
heisenberg,The Movies That Made Us,Argentina,2022-11-01
heisenberg,Inside Job,Argentina,2022-10-17
heisenberg,The Good Nurse,Argentina,2022-10-09
heisenberg,Extraordinary Attorney Woo,Argentina,2022-10-09
heisenberg,The Great Hack,Argentina,2022-09-30
heisenberg,If Anything Happens I Love You,Argentina,2022-09-30
heisenberg,Grass Is Greener,Argentina,2022-09-30
heisenberg,Tear Along the Dotted Line,Argentina,2022-09-30
heisenberg,The Midnight Gospel,Argentina,2022-09-10
heisenberg,LÃ©on: The Professional,Argentina,2022-08-31
heisenberg,Carmel: Who Killed Maria Marta?,Argentina,2022-08-16
heisenberg,Bank Robbers: The Last Great Heist,Argentina,2022-08-16
heisenberg,"Crazy, Stupid, Love.",France,2022-08-08
heisenberg,Dry Martina,France,2022-07-24
heisenberg,Sorry to Bother You,France,2022-07-24
heisenberg,The Haunting of Bly Manor,France,2022-07-16
heisenberg,American Made,France,2022-07-16
heisenberg,The Serpent,France,2022-07-16
heisenberg,The Haunting of Hill House,France,2022-07-16
heisenberg,Kate,France,2022-07-16
heisenberg,The Woman in the House Across the Street from the Girl in the Window,France,2022-07-12
heisenberg,The House,France,2022-07-10
heisenberg,Adam by Eve: A live in Animation,France,2022-07-10
heisenberg,History 101,France,2022-07-10
heisenberg,If Anything Happens I Love You,France,2022-07-10
heisenberg,Jane The Virgin,France,2022-07-08
heisenberg,Miss Bala,France,2022-07-08
heisenberg,Into the Night,France,2022-06-10
heisenberg,Worst Roommate Ever,France,2022-04-17
heisenberg,Memoirs of a Geisha,France,2022-04-02
heisenberg,The Principles of Pleasure,France,2022-03-31
heisenberg,Inventing Anna,France,2022-03-01
heisenberg,The Equalizer 2,France,2022-02-23
heisenberg,The Tinder Swindler,France,2022-02-20
heisenberg,Game Night,France,2022-01-31
heisenberg,The Mule,France,2022-01-31
heisenberg,The Woman in the House Across the Street from the Girl in the Window,France,2022-01-31
heisenberg,The Billion Dollar Code,France,2022-01-31
heisenberg,Street Food: Asia,France,2022-01-15
heisenberg,Mother/Android,France,2022-01-08
heisenberg,Flatliners,France,2022-01-08
heisenberg,Sense8: Creating the World,France,2021-12-25
heisenberg,Dark Desire,France,2021-12-24
heisenberg,Ad Vitam,France,2021-12-24
heisenberg,Lords of Scam,France,2021-12-21
heisenberg,Et les mistrals gagnants,France,2021-12-21
heisenberg,How to Lose a Guy in 10 Days,France,2021-12-04
heisenberg,Two Weeks Notice,France,2021-12-04
heisenberg,AngÃ¨le,France,2021-11-28
heisenberg,Explained,France,2021-11-28
heisenberg,Love Actually,France,2021-11-20
heisenberg,The Billion Dollar Code,France,2021-10-11
heisenberg,Mr. & Mrs. Smith,France,2021-10-11
heisenberg,Love & Other Drugs,France,2021-10-10
heisenberg,Jailbirds New Orleans,France,2021-09-30
heisenberg,Squid Game,France,2021-09-21
heisenberg,Mystic River,France,2021-09-10
heisenberg,Love on the Spectrum,France,2021-09-07
heisenberg,Dear White People,France,2021-09-07
heisenberg,Forrest Gump,France,2021-09-05
heisenberg,Deadly Class,France,2021-09-05
heisenberg,Freud,France,2021-09-05
heisenberg,Cosmos Laundromat: First Cycle,France,2021-09-05
heisenberg,Turning Point: 9/11 and the War on Terror,France,2021-09-04
heisenberg,World Trade Center,France,2021-08-21
heisenberg,Scott Pilgrim vs. the World,France,2021-08-21
heisenberg,The People vs. O.J. Simpson,France,2021-08-16
heisenberg,Taken,France,2021-08-16
heisenberg,Penguins of Madagascar: The Movie,France,2021-08-13
heisenberg,Shiny_Flakes: The Teenage Drug Lord,France,2021-08-09
heisenberg,Diagnosis,France,2021-07-29
heisenberg,I Care a Lot,France,2021-07-20
heisenberg,The Mitchells vs. The Machines,France,2021-07-20
heisenberg,If Anything Happens I Love You,France,2021-07-20
heisenberg,12 Years a Slave,France,2021-07-13
heisenberg,How I Became a Superhero,France,2021-07-13
heisenberg,Sexify,France,2021-07-09
heisenberg,New Amsterdam,France,2021-07-05
heisenberg,Sweet Tooth,France,2021-07-01
heisenberg,Human: The World Within,France,2021-06-15
heisenberg,Sweet Tooth,France,2021-06-09
heisenberg,Ex Machina,France,2021-06-09
heisenberg,Three Identical Strangers,France,2021-06-09
heisenberg,Mystic River,France,2021-06-09
heisenberg,The Red Turtle,France,2021-06-09
heisenberg,Girl from Nowhere,France,2021-05-29
heisenberg,Army of the Dead,France,2021-05-23
heisenberg,Babysitting 2,France,2021-05-23
heisenberg,Cheer,France,2021-05-12
heisenberg,Sexify,France,2021-05-06
heisenberg,Have a Good Trip: Adventures in Psychedelics,France,2021-05-06
heisenberg,Operation Varsity Blues:Â TheÂ CollegeÂ AdmissionsÂ Scandal,France,2021-04-20
heisenberg,Little Girl,France,2021-03-22
heisenberg,The One,France,2021-03-21
heisenberg,Sword Art Online Alternative: Gun Gale Online,France,2021-03-03
heisenberg,I Want to Eat Your Pancreas,France,2021-03-02
heisenberg,I Care a Lot,France,2021-02-25
heisenberg,Thus Spoke Kishibe Rohan,France,2021-02-18
heisenberg,The Misadventures of Hedi and Cokeman,France,2021-02-11
heisenberg,Dare Me,France,2021-02-08
heisenberg,La CrÃ¨me de la CrÃ¨me,France,2021-02-08
heisenberg,BONDING,France,2021-01-30
heisenberg,B: The Beginning,France,2021-01-24
heisenberg,Call My Agent!,France,2021-01-24
heisenberg,Lupin,France,2021-01-20
heisenberg,My Beautiful Broken Brain,France,2021-01-04
heisenberg,Brain on Fire,France,2021-01-03
heisenberg,Lenox Hill,France,2021-01-01
heisenberg,Uncut Gems,France,2020-12-29
heisenberg,Death to 2020,France,2020-12-20
heisenberg,The Surgeon's Cut,France,2020-12-11
heisenberg,Ava,France,2020-12-02
heisenberg,Flatliners,France,2020-11-28
heisenberg,Love & Anarchy,France,2020-11-28
heisenberg,Grand Army,France,2020-11-24
heisenberg,The Haunting of Hill House,France,2020-11-08
heisenberg,The Trial of the Chicago 7,France,2020-10-24
heisenberg,The Trial of the Chicago 7,France,2020-10-14
heisenberg,Great Pretender,France,2020-10-08
heisenberg,Good Time,France,2020-09-19
heisenberg,IrrÃ©versible,France,2020-09-12
heisenberg,I'm Thinking of Ending Things,France,2020-09-07
heisenberg,The Shallows,France,2020-08-14
heisenberg,We Are One,France,2020-08-12
heisenberg,Jack and the Cuckoo-Clock Heart,France,2020-08-12
heisenberg,Gainsbourg: A Heroic Life,France,2020-08-08
heisenberg,AmÃ©lie,France,2020-08-08
heisenberg,13 Hours: The Secret Soldiers of Benghazi,France,2020-08-06
heisenberg,Tokyo Ghoul,France,2020-08-04
heisenberg,Laurence Anyways,France,2020-07-27
heisenberg,Laurence Anyways,France,2020-07-26
heisenberg,Family Business,France,2020-07-26
heisenberg,BEASTARS,France,2020-07-26
heisenberg,Love on the Spectrum,France,2020-07-26
heisenberg,Never Have I Ever,France,2020-07-26
heisenberg,Blind Date,France,2020-07-26
heisenberg,Kissing Game,France,2020-07-25
heisenberg,13 Hours: The Secret Soldiers of Benghazi,France,2020-07-21
heisenberg,Atomic Blonde,France,2020-07-21
heisenberg,It's Only the End of the World,France,2020-07-21
heisenberg,AmÃ©lie,France,2020-07-21
heisenberg,Gainsbourg: A Heroic Life,France,2020-07-21
heisenberg,Carrie Pilby,France,2020-07-19
heisenberg,Blood & Water,France,2020-07-18
heisenberg,The F**k-It List,France,2020-07-16
heisenberg,Passengers,France,2020-07-11
heisenberg,Japan Sinks: 2020,France,2020-07-11
heisenberg,A Whisker Away,France,2020-07-07
heisenberg,La Colle,France,2020-07-07
heisenberg,The Mansion,France,2020-07-07
heisenberg,The F**k-It List,France,2020-07-07
heisenberg,PNL - Dans la lÃ©gende tour,France,2020-07-07
heisenberg,A Whisker Away,France,2020-07-04
heisenberg,Romantics Anonymous,France,2020-07-04
heisenberg,Kakegurui,France,2020-07-04
heisenberg,H,France,2020-07-03
heisenberg,Arrival,France,2020-06-25
heisenberg,Blade Runner: The Final Cut,France,2020-06-25
heisenberg,The Neon Demon,France,2020-06-23
heisenberg,Blade Runner: The Final Cut,France,2020-06-23
heisenberg,Blade Runner: The Final Cut,France,2020-06-17
heisenberg,Blood & Water,France,2020-06-12
heisenberg,Arrival,France,2020-06-11
heisenberg,Queer Eye,France,2020-06-10
heisenberg,Control Z,France,2020-06-10
heisenberg,Feel Good,France,2020-06-10
heisenberg,Sully,France,2020-06-02
heisenberg,Love 101,France,2020-05-24
heisenberg,Snowden,France,2020-05-21
heisenberg,The Forest of Love,France,2020-05-21
heisenberg,Dogs of Berlin,France,2020-05-21
heisenberg,Omniscient,France,2020-05-21
heisenberg,Love 101,France,2020-05-21
heisenberg,Shame,France,2020-05-21
heisenberg,Inhuman Resources,France,2020-05-17
heisenberg,Whisper of the Heart,France,2020-05-14
heisenberg,The Great Dictator,France,2020-05-08
heisenberg,The Half Of It,France,2020-05-02
heisenberg,Don't F**k with Cats: Hunting an Internet Killer,France,2020-04-27
heisenberg,Marriage Story,France,2020-04-27
heisenberg,Uncut Gems,France,2020-04-27
heisenberg,"The Mind, Explained",France,2020-04-26
heisenberg,The Forest of Love,France,2020-04-26
heisenberg,Moonlight,France,2020-04-24
heisenberg,Horse Girl,France,2020-04-24
heisenberg,Ad Vitam,France,2020-04-20
heisenberg,The Forest of Love: Deep Cut,France,2020-04-17
heisenberg,Summertime,France,2020-04-17
heisenberg,A Fall from Grace,France,2020-04-16
heisenberg,Spinning Out,France,2020-04-16
heisenberg,Horse Girl,France,2020-04-16
heisenberg,The Hook Up Plan,France,2020-04-14
heisenberg,Pom Poko,France,2020-04-13
heisenberg,Unorthodox,France,2020-04-13
heisenberg,Asterix and Cleopatra,France,2020-04-12
heisenberg,Dinosaur Train,France,2020-04-12
heisenberg,Space Jam,France,2020-04-12
heisenberg,Alvin and the Chipmunks: The Road Chip,France,2020-04-12
heisenberg,Only Yesterday,France,2020-04-09
heisenberg,BEASTARS,France,2020-04-06
heisenberg,Love Alarm,France,2020-04-04
heisenberg,Unorthodox,France,2020-04-04
heisenberg,Freud,France,2020-04-04
heisenberg,Money Heist: The Phenomenon,France,2020-04-04
heisenberg,My First First Love,France,2020-04-04
heisenberg,My Holo Love,France,2020-04-04
heisenberg,Snowden,France,2020-03-25
heisenberg,The Invitation,France,2020-03-25
heisenberg,The Platform,France,2020-03-23
heisenberg,BEASTARS,France,2020-03-21
heisenberg,Vampires,France,2020-03-21
heisenberg,Marriage Story,France,2020-03-19
heisenberg,All The Bright Places,France,2020-03-07
heisenberg,Sully,France,2020-03-06
heisenberg,Better Than Us,France,2020-03-02
heisenberg,Collateral Beauty,France,2020-03-02
heisenberg,Followers,France,2020-03-02
heisenberg,Super 8,France,2020-02-29
heisenberg,Arrietty,France,2020-02-27
heisenberg,JoJo's Bizarre Adventure,France,2020-02-27
heisenberg,I Am Not Okay With This,France,2020-02-26
heisenberg,Locke & Key,France,2020-02-23
heisenberg,The Forest of Love,France,2020-02-20
heisenberg,Ocean Waves,France,2020-02-11
heisenberg,"The Night Is Short, Walk On Girl",France,2020-02-05
heisenberg,Tales from Earthsea,France,2020-02-04
heisenberg,37 Seconds,France,2020-02-01
heisenberg,Moonlight,France,2020-02-01
heisenberg,Don't F**k with Cats: Hunting an Internet Killer,France,2020-01-30
heisenberg,Messiah,France,2020-01-26
heisenberg,The Forest of Love,France,2020-01-15
heisenberg,The App,France,2020-01-08
heisenberg,The Forest of Love,France,2020-01-04
heisenberg,Spinning Out,France,2020-01-03
heisenberg,The App,France,2020-01-03
heisenberg,The Forest of Love,France,2020-01-03
heisenberg,The 5th Wave,France,2020-01-03
heisenberg,Snowden,France,2020-01-01
heisenberg,The Social Network,France,2019-12-30
heisenberg,Grave of the Fireflies,France,2019-12-29
heisenberg,The Forest of Love,France,2019-12-28
heisenberg,Enemy,France,2019-12-27
heisenberg,Enemy,France,2019-12-23
heisenberg,True Story,France,2019-12-23
heisenberg,Don't F**k with Cats: Hunting an Internet Killer,France,2019-12-22
heisenberg,Ad Vitam,France,2019-12-18
heisenberg,6 Underground,France,2019-12-13
heisenberg,Ad Vitam,France,2019-12-11
heisenberg,The Girl with the Dragon Tattoo,France,2019-12-09
heisenberg,Marriage Story,France,2019-12-07
heisenberg,Mythomaniac,France,2019-12-06
heisenberg,Fractured,France,2019-12-04
heisenberg,Skins,France,2019-12-03
heisenberg,Who Killed Little Gregory?,France,2019-11-29
heisenberg,Read My Lips,France,2019-11-29
heisenberg,ArÃ¨s,France,2019-11-29
heisenberg,Skins,France,2019-11-22
heisenberg,My Husband Won't Fit,France,2019-11-13
heisenberg,James and the Giant Peach,France,2019-11-13
heisenberg,Scary Movie,France,2019-11-13
heisenberg,We Are the Wave,France,2019-11-11
heisenberg,Sheitan,France,2019-11-11
heisenberg,Ad Vitam,France,2019-11-06
heisenberg,Heroin(e),France,2019-11-06
heisenberg,The End of the F***ing World,France,2019-11-06
heisenberg,We Are the Wave,France,2019-11-06
heisenberg,The End of the F***ing World,France,2019-11-05
heisenberg,Goodbye First Love,France,2019-11-04
heisenberg,We Are the Wave,France,2019-11-02
heisenberg,Cloud Atlas,France,2019-10-21
heisenberg,Fractured,France,2019-10-20
heisenberg,El Camino: A Breaking Bad Movie,France,2019-10-11
heisenberg,The Giver,France,2019-10-07
heisenberg,Nymphomaniac: Volume II,France,2019-10-02
heisenberg,Terrace House: Tokyo 2019-2020,France,2019-09-27
heisenberg,Nymphomaniac: Volume II,France,2019-09-24
heisenberg,Nymphomaniac: Volume II,France,2019-09-22
heisenberg,Advantageous,France,2019-09-18
heisenberg,Mustang,France,2019-09-18
heisenberg,Elisa & Marcela,France,2019-09-18
heisenberg,Nymphomaniac: Volume II,France,2019-09-18
heisenberg,Read My Lips,France,2019-09-18
heisenberg,Scent of a Woman,France,2019-09-07
heisenberg,Nymphomaniac: Volume II,France,2019-09-07
heisenberg,Amy,France,2019-09-07
heisenberg,What Dreams May Come,France,2019-08-29
heisenberg,Nappily Ever After,France,2019-08-26
heisenberg,Someone Great,France,2019-08-26
heisenberg,Miss You Already,France,2019-08-26
heisenberg,Wandering Stars,France,2019-08-22
heisenberg,MINDHUNTER,France,2019-08-20
heisenberg,Cloud Atlas,France,2019-08-14
heisenberg,Miss You Already,France,2019-08-14
heisenberg,Ted 2,France,2019-08-14
heisenberg,Kidnapping Stella,France,2019-08-14
heisenberg,Sliver,France,2019-08-14
heisenberg,Eat Pray Love,France,2019-08-14
heisenberg,Happy Jail,France,2019-08-14
heisenberg,Advantageous,France,2019-08-14
heisenberg,ANIMA,France,2019-08-12
heisenberg,The Purge: Election Year,France,2019-08-11
heisenberg,Dear White People,France,2019-07-29
heisenberg,Schindler's List,France,2019-07-27
heisenberg,The Pianist,France,2019-07-27
heisenberg,Irreplaceable You,France,2019-07-27
heisenberg,Another,France,2019-07-27
heisenberg,The Photographer Of Mauthausen,France,2019-07-18
heisenberg,Gantz,France,2019-07-18
heisenberg,Ted 2,France,2019-07-18
heisenberg,Chloe,France,2019-07-18
heisenberg,Bang Gang,France,2019-07-16
heisenberg,Sleeping Beauty,France,2019-07-16
heisenberg,Gantz,France,2019-07-15
heisenberg,Kidnapping Stella,France,2019-07-15
heisenberg,The Pianist,France,2019-07-15
heisenberg,Awake: The Million Dollar Game,France,2019-07-15
heisenberg,The Program,France,2019-07-15
heisenberg,Casino,France,2019-07-15
heisenberg,Family Business,France,2019-07-15
heisenberg,The Crew,France,2019-07-10
heisenberg,Cape Town Cops,France,2019-07-10
heisenberg,Premonition,France,2019-07-09
heisenberg,Death Parade,France,2019-07-09
heisenberg,The Breakfast Club,France,2019-07-09
heisenberg,Match Point,France,2019-07-02
heisenberg,Serenity,France,2019-07-02
heisenberg,Ca$h,France,2019-07-01
heisenberg,Seeking a Friend for the End of the World,France,2019-07-01
heisenberg,The Pursuit of Happyness,France,2019-07-01
heisenberg,CafÃ© Society,France,2019-07-01
heisenberg,Easy A,France,2019-07-01
heisenberg,AJIN: Demi-Human,France,2019-06-30
heisenberg,Dark Tourist,France,2019-06-29
heisenberg,7SEEDS,France,2019-06-29
heisenberg,Gantz,France,2019-06-29
heisenberg,"Oh, Ramona!",France,2019-06-26
heisenberg,How to Sell Drugs Online (Fast),France,2019-06-26
heisenberg,Dark Tourist,France,2019-06-25
heisenberg,Swiped,France,2019-06-21
heisenberg,The Pursuit of Happyness,France,2019-06-21
heisenberg,"Oh, Ramona!",France,2019-06-18
heisenberg,The Adversary,France,2019-06-18
heisenberg,"Oh, Ramona!",France,2019-06-09
heisenberg,Mustang,France,2019-06-03
heisenberg,Ingress: The Animation,France,2019-05-28
heisenberg,Birdman or (The Unexpected Virtue of Ignorance),France,2019-05-28
heisenberg,Ingress: The Animation,France,2019-05-26
heisenberg,Mustang,France,2019-05-25
heisenberg,Ingress: The Animation,France,2019-05-25
heisenberg,WHAT / IF,France,2019-05-25
heisenberg,Elysium,France,2019-05-25
heisenberg,Flavors of Youth: International Version,France,2019-05-23
heisenberg,Mustang,France,2019-05-22
heisenberg,Big Fish & Begonia,France,2019-05-22
heisenberg,Bodyguard,France,2019-05-06
heisenberg,Dead to Me,France,2019-05-04
heisenberg,Osmosis,France,2019-04-26
heisenberg,The Walking Dead,France,2019-04-22
heisenberg,Erased,France,2019-04-20
heisenberg,Next,France,2019-04-14
heisenberg,Another,France,2019-04-07
heisenberg,Red Eye,France,2019-04-07
heisenberg,Premonition,France,2019-04-07
heisenberg,"Jim & Andy: The Great Beyond - Featuring a Very Special, Contractually Obligated Mention of Tony Clifton",France,2019-04-06
heisenberg,The Da Vinci Code,France,2019-04-03
heisenberg,Angels & Demons,France,2019-04-03
heisenberg,Osmosis,France,2019-03-31
heisenberg,Birdman or (The Unexpected Virtue of Ignorance),France,2019-03-27
heisenberg,Room,France,2019-03-26
heisenberg,Concussion,France,2019-03-22
heisenberg,Room,France,2019-03-20
heisenberg,"Love, Death & Robots",France,2019-03-15
heisenberg,The Umbrella Academy,France,2019-03-05
heisenberg,Toradora!,France,2019-03-05
heisenberg,Toradora!,France,2019-02-25
heisenberg,The Photographer Of Mauthausen,France,2019-02-25
heisenberg,The Theory of Everything,France,2019-02-23
heisenberg,Your lie in April,France,2019-02-18
heisenberg,Forest of Piano,France,2019-02-18
heisenberg,Psycho,France,2019-02-16
heisenberg,Trouble with the Curve,France,2019-02-10
heisenberg,The Tree of Blood,France,2019-02-10
heisenberg,All About Them,France,2019-02-06
heisenberg,The 5th Wave,France,2019-02-05
heisenberg,Velvet Buzzsaw,France,2019-02-05
heisenberg,Bang Gang,France,2019-02-05
heisenberg,All About Them,France,2019-01-31
heisenberg,Minority Report,France,2019-01-28
heisenberg,All About Them,France,2019-01-25
heisenberg,Conversations with a Killer: The Ted Bundy Tapes,France,2019-01-24
heisenberg,The Big Short,France,2019-01-23
heisenberg,IO,France,2019-01-22
heisenberg,Forest of Piano,France,2019-01-05
heisenberg,Sweet November,France,2019-01-04
heisenberg,Perfect Sense,France,2019-01-04
heisenberg,And Breathe Normally,France,2019-01-04
heisenberg,"Crazy, Stupid, Love.",France,2019-01-04
heisenberg,How to Lose a Guy in 10 Days,France,2018-12-29
heisenberg,Enemy,France,2018-12-29
heisenberg,How It Ends,France,2018-12-26
heisenberg,How to Lose a Guy in 10 Days,France,2018-12-25
heisenberg,Case,France,2018-12-24
heisenberg,The Finishers,France,2018-12-24
heisenberg,The Lovely Bones,France,2018-12-23
heisenberg,The Lobster,France,2018-12-23
heisenberg,Perfume,France,2018-12-23
heisenberg,Mr. Nobody,France,2018-12-23
heisenberg,Gone Girl,France,2018-12-23
heisenberg,ROMA,France,2018-12-23
heisenberg,7 Days Out,France,2018-12-20
heisenberg,"Don't Worry, I'm Fine",France,2018-12-08
heisenberg,The Sixth Sense,France,2018-12-08
heisenberg,Death by Magic,France,2018-12-04
heisenberg,Baby,France,2018-12-04
heisenberg,Cloud Atlas,France,2018-11-24
heisenberg,Cam,France,2018-11-24
heisenberg,The Fast and the Furious: Tokyo Drift,France,2018-11-24
heisenberg,The 9th Life of Louis Drax,France,2018-11-24
heisenberg,Cloud Atlas,France,2018-11-14
heisenberg,Forest of Piano,France,2018-11-10
heisenberg,The Walk,France,2018-11-10
heisenberg,Cloud Atlas,France,2018-11-10
heisenberg,Dark Net,France,2018-11-08
heisenberg,Blue Mountain State,France,2018-11-07
heisenberg,The Shining,France,2018-11-07
heisenberg,Dark Net,France,2018-11-06
heisenberg,No Game No Life,France,2018-11-05
heisenberg,Trainspotting,France,2018-11-01
heisenberg,Violet Evergarden: Special,France,2018-10-26
heisenberg,Bodyguard,France,2018-10-24
heisenberg,Up in the Air,France,2018-10-24
heisenberg,Trainspotting,France,2018-10-24
heisenberg,Elite,France,2018-10-21
heisenberg,Maniac,France,2018-10-13
heisenberg,Love Lasts Three Years,France,2018-09-28
heisenberg,The Shawshank Redemption,France,2018-09-28
heisenberg,Maniac,France,2018-09-28
heisenberg,The Laws of Thermodynamics,France,2018-09-28
heisenberg,The Sinner,France,2018-09-28
heisenberg,Magic for Humans,France,2018-09-25
heisenberg,Blind Date,France,2018-09-13
heisenberg,The 9th Life of Louis Drax,France,2018-09-08
heisenberg,Afflicted,France,2018-09-08
heisenberg,Training Day,France,2018-08-28
heisenberg,Afflicted,France,2018-08-27
heisenberg,To All the Boys Iâ€™ve Loved Before,France,2018-08-26
heisenberg,Magic for Humans,France,2018-08-22
heisenberg,Final Destination 5,France,2018-08-22
heisenberg,Devilman Crybaby,France,2018-08-16
heisenberg,"Ashley Madison: Sex, Lies and Cyber Attacks",France,2018-08-15
heisenberg,L'Ã©cume des jours,France,2018-08-15
heisenberg,Kiss Me First,France,2018-08-15
heisenberg,Flavors of Youth: International Version,France,2018-08-15
heisenberg,Ace Ventura: Pet Detective,France,2018-08-15
heisenberg,Perdida,France,2018-08-14
heisenberg,Skins,France,2018-08-12
heisenberg,Devilman Crybaby,France,2018-08-10
heisenberg,Henry's Crime,France,2018-08-08
heisenberg,Idiocracy,France,2018-08-07
heisenberg,Zoe,France,2018-08-07
heisenberg,I AM A KILLER,France,2018-08-06
heisenberg,Marvel's Jessica Jones,France,2018-08-06
heisenberg,Prison School,France,2018-08-06
heisenberg,Alice in Wonderland,France,2018-08-01
heisenberg,Black Hawk Down,France,2018-08-01
heisenberg,The Green Mile,France,2018-08-01
heisenberg,Switched,France,2018-08-01
heisenberg,The Minimighty Kids,France,2018-08-01
heisenberg,Ace Ventura: When Nature Calls,France,2018-07-31
heisenberg,"As Above, So Below",France,2018-07-31
heisenberg,Black Lightning,France,2018-07-30
heisenberg,Extinction,France,2018-07-27
heisenberg,Charlotte,France,2018-07-26
heisenberg,Love Me If You Dare,France,2018-07-26
heisenberg,Hunting and Gathering,France,2018-07-26
heisenberg,Happy!,France,2018-07-24
heisenberg,The Warning,France,2018-07-24
heisenberg,The Godfather,France,2018-07-24
heisenberg,Love Me If You Dare,France,2018-07-24
heisenberg,Doctor Foster,France,2018-07-24
heisenberg,Your lie in April,France,2018-07-24
heisenberg,Dark Tourist,France,2018-07-24
heisenberg,USS Indianapolis: Men of Courage,France,2018-07-24
heisenberg,The Feels,France,2018-07-24
heisenberg,Dramaworld,France,2018-07-24
heisenberg,Hunting and Gathering,France,2018-07-24
heisenberg,Alice in Wonderland,France,2018-07-22
heisenberg,Marvel's Luke Cage,France,2018-07-22
heisenberg,Imperium,France,2018-07-22
heisenberg,Zoe,France,2018-07-20
heisenberg,Her,France,2018-07-20
heisenberg,Underworld,France,2018-07-17
heisenberg,17 Girls,France,2018-07-17
heisenberg,Set It Up,France,2018-07-17
heisenberg,How It Ends,France,2018-07-17
heisenberg,Love,France,2018-07-16
heisenberg,Timeless,France,2018-07-14
heisenberg,The Lincoln Lawyer,France,2018-07-14
heisenberg,Patch Adams,France,2018-07-14
heisenberg,Good Girls,France,2018-07-14
heisenberg,Captain Phillips,France,2018-07-13
heisenberg,99 Homes,France,2018-07-13
heisenberg,Duck Butter,France,2018-07-02
heisenberg,Focus,France,2018-07-02
heisenberg,Prison School,France,2018-07-02
heisenberg,The Day the Earth Stood Still,France,2018-07-02
heisenberg,The Purge: Anarchy,France,2018-07-02
heisenberg,Alice in Wonderland,France,2018-07-02
heisenberg,Underworld,France,2018-07-02
heisenberg,Guardians of the Galaxy,France,2018-07-01
heisenberg,TAU,France,2018-06-29
heisenberg,Kiss Me First,France,2018-06-29
heisenberg,A Happy Event,France,2018-06-29
heisenberg,Last Night,France,2018-06-29
heisenberg,MR 73,France,2018-06-26
heisenberg,In Darkness,France,2018-06-26
heisenberg,USS Indianapolis: Men of Courage,France,2018-06-25
heisenberg,Irreplaceable You,France,2018-06-22
heisenberg,Brain on Fire,France,2018-06-22
heisenberg,Dude,France,2018-06-22
heisenberg,Stasis,France,2018-06-22
heisenberg,Prison School,France,2018-06-17
heisenberg,BLAME!,France,2018-06-17
heisenberg,Jarhead,France,2018-06-17
heisenberg,Cargo,France,2018-06-15
heisenberg,Tower Heist,France,2018-06-15
heisenberg,Aggretsuko,France,2018-06-13
heisenberg,Devil,France,2018-06-13
heisenberg,Her,France,2018-06-11
heisenberg,Blue Thunder,France,2018-06-09
heisenberg,Black Hawk Down,France,2018-06-09
heisenberg,A Thousand Words,France,2018-06-09
heisenberg,Her,France,2018-06-08
heisenberg,The Day the Earth Stood Still,France,2018-06-08
heisenberg,Focus,France,2018-06-07
heisenberg,Mercury Rising,France,2018-06-07
heisenberg,American Gangster,France,2018-06-07
heisenberg,Psychokinesis,France,2018-05-31
heisenberg,Friday the 13th,France,2018-05-31
heisenberg,Mom and Dad,France,2018-05-28
heisenberg,The Break,France,2018-05-28
heisenberg,The Immigrant,France,2018-05-27
heisenberg,27: Gone Too Soon,France,2018-05-27
heisenberg,3%,France,2018-05-24
heisenberg,The Thing,France,2018-05-22
heisenberg,The French Kissers,France,2018-05-21
heisenberg,Candy Jar,France,2018-05-19
heisenberg,One-Punch Man,France,2018-05-19
heisenberg,Parasyte: The Maxim,France,2018-05-19
heisenberg,Parasyte: The Maxim,France,2018-05-18
heisenberg,The Rain,France,2018-05-15
heisenberg,Focus,France,2018-05-14
heisenberg,Evil Genius: the True Story of America's Most Diabolical Bank Heist,France,2018-05-13
heisenberg,Made of Honor,France,2018-05-11
heisenberg,Department Q: The Keeper of Lost Causes,France,2018-05-11
heisenberg,Alice in Wonderland,France,2018-05-09
heisenberg,Nobody from Nowhere,France,2018-05-05
heisenberg,Hot Girls Wanted,France,2018-05-05
heisenberg,Spider-Man 3,France,2018-05-05
heisenberg,Happy!,France,2018-05-05
heisenberg,Shooter,France,2018-05-05
heisenberg,Anon,France,2018-05-04
heisenberg,Altered Carbon,France,2018-05-02
heisenberg,Una,France,2018-04-25
heisenberg,Dude,France,2018-04-23
heisenberg,The Taking of Pelham 123,France,2018-04-23
heisenberg,Dramaworld,France,2018-04-16
heisenberg,Hans Zimmer: Live in Prague,France,2018-04-15
heisenberg,The Equalizer,France,2018-04-15
heisenberg,Titeuf,France,2018-04-13
heisenberg,Parasyte: The Maxim,France,2018-04-12
heisenberg,Lost in Space,France,2018-04-12
heisenberg,The Invitation,France,2018-04-11
heisenberg,6 Balloons,France,2018-04-11
heisenberg,Everything Sucks!,France,2018-04-10
heisenberg,The Equalizer,France,2018-04-08
heisenberg,Orbiter 9,France,2018-04-08
heisenberg,Still Alice,France,2018-04-08
heisenberg,Black Bullet,France,2018-04-07
heisenberg,Side Effects,France,2018-04-03
heisenberg,Happy Anniversary,France,2018-04-03
heisenberg,Polisse,France,2018-03-31
heisenberg,Clouds of Sils Maria,France,2018-03-31
heisenberg,A Street Cat Named Bob,France,2018-03-28
heisenberg,Mars,France,2018-03-28
heisenberg,Focus,France,2018-03-26
heisenberg,Irreplaceable You,France,2018-03-25
heisenberg,Song One,France,2018-03-24
heisenberg,Mommy,France,2018-03-24
heisenberg,Declaration of War,France,2018-03-24
heisenberg,Chappie,France,2018-03-22
heisenberg,Annihilation,France,2018-03-18
heisenberg,L'Assaut,France,2018-03-09
heisenberg,The Island,France,2018-03-07
heisenberg,"I, Robot",France,2018-03-04
heisenberg,Mudbound,France,2018-03-04
heisenberg,Project Almanac,France,2018-03-04
heisenberg,August: Osage County,France,2018-03-03
heisenberg,The Thing,France,2018-03-01
heisenberg,The 9th Life of Louis Drax,France,2018-03-01
heisenberg,Marlon Wayans: Woke-ish,France,2018-02-28
heisenberg,Spider-Man,France,2018-02-27
Nadia,The Photographer Of Mauthausen,France,2023-02-17
Nadia,The Law According to Lidia PoÃ«t,France,2023-02-17
Nadia,Dunkirk,France,2023-02-17
Nadia,All Quiet on the Western Front,France,2023-02-17
Nadia,Aftershock: Everest and the Nepal Earthquake,France,2022-10-22
Nadia,The Theory of Everything,France,2022-07-14
Nadia,"The Mind, Explained",France,2022-04-24
Nadia,Lords of Scam,France,2022-04-12
Nadia,Return to Space,France,2022-04-12
Nadia,Biohackers,France,2022-04-12
Nadia,Shiny_Flakes: The Teenage Drug Lord,France,2022-04-12
Nadia,Travelers,France,2022-04-12
Nadia,The Blacklist,France,2022-04-12
Nadia,PK,France,2022-04-04
Nadia,The Bombardment,France,2022-03-12
Nadia,Downfall: The Case Against Boeing,France,2022-03-04
Nadia,Room,France,2022-01-08
Nadia,Sweet Tooth,France,2021-12-31
Nadia,Lulli,France,2021-12-31
Nadia,The Most Hated Woman in America,France,2021-12-31
Nadia,"Girl, Interrupted",France,2021-12-12
Nadia,22 July,France,2021-12-12
Nadia,14 Peaks: Nothing Is Impossible,France,2021-12-08
Nadia,Move,France,2021-10-24
Nadia,My King,France,2021-10-24
Nadia,Losers,France,2021-10-24
Nadia,Hope Frozen: A Quest to Live Twice,France,2021-10-24
Nadia,Et les mistrals gagnants,France,2021-10-24
Nadia,Kiss & Cry,France,2021-10-24
Nadia,The Barrier,France,2021-10-24
Nadia,A Beautiful Mind,France,2021-10-11
Nadia,Yves Saint Laurent,France,2021-10-11
Nadia,Three Identical Strangers,France,2021-10-11
Nadia,Concussion,France,2021-10-11
Nadia,The Bleeding Edge,France,2021-09-10
Nadia,The Speed Cubers,France,2021-04-03
Nadia,"Lorena, Light-Footed Woman",France,2021-04-03
Nadia,Last Breath,France,2021-04-03
Nadia,Tony Parker: The Final Shot,France,2021-04-03
Nadia,Operation Varsity Blues:Â TheÂ CollegeÂ AdmissionsÂ Scandal,France,2021-04-03
Nadia,Diagnosis,France,2021-04-03
Nadia,Changeling,France,2020-10-27
Nadia,My Piece of the Pie,France,2020-10-27
Nadia,The Curious Case of Benjamin Button,France,2020-10-27
Nadia,In the Shadow of the Moon,France,2019-09-28
Nadia,The Boy Who Harnessed the Wind,France,2019-03-07
Nadia,End Game,France,2018-05-04
Fabrice,Women at War,France,2023-01-30
Fabrice,The Pale Blue Eye,France,2023-01-28
Fabrice,The Imperfects,France,2022-09-11
Fabrice,The Raven,France,2022-07-04
Fabrice,Widows,France,2022-05-31
Fabrice,Senior Year,France,2022-05-29
Fabrice,The Dead Don't Die,France,2022-05-29
Fabrice,Into the Night,France,2022-05-06
Fabrice,Interview with the Vampire,France,2022-05-04
Fabrice,The Mist,France,2022-04-19
Fabrice,The Curse of La Llorona,France,2022-04-18
Fabrice,Due Date,France,2022-04-12
Fabrice,The Town,France,2022-03-27
Fabrice,The Power of the Dog,France,2022-03-24
Fabrice,How to Get Away With Murder,France,2022-02-19
Fabrice,Yves Saint Laurent,France,2022-01-23
Fabrice,The Magnificent Seven,France,2021-12-21
Fabrice,Mortal Engines,France,2021-12-17
Fabrice,Clickbait,France,2021-12-16
Fabrice,"tick, tick...BOOM!",France,2021-12-15
Fabrice,Fargo,France,2021-12-14
Fabrice,The Last Mercenary,France,2021-11-08
Fabrice,Justice League,France,2021-10-12
Fabrice,Kate,France,2021-10-12
Fabrice,Heat,France,2021-10-12
Fabrice,Gladiator,France,2021-10-06
Fabrice,Father of the Year,France,2021-09-10
Fabrice,Marcella,France,2021-08-12
Fabrice,StartUp,France,2021-08-12
Fabrice,Piranha,France,2021-06-16
Fabrice,In the Beginning,France,2021-05-19
Fabrice,Kingdom,France,2021-02-01
Fabrice,Dark,France,2021-01-27
Fabrice,Nine Lives,France,2021-01-25
Fabrice,Fate: The Winx Saga,France,2021-01-25
Fabrice,The Midnight Sky,France,2021-01-25
Fabrice,93 Days,France,2021-01-25
Fabrice,Pieces of a Woman,France,2021-01-13
Fabrice,Lupin,France,2021-01-11
Fabrice,The Water Diviner,France,2021-01-05
Fabrice,The Prom,France,2021-01-05
Fabrice,Glory,France,2021-01-04
Fabrice,Black Mirror,France,2021-01-04
Fabrice,Searching for Bobby Fischer,France,2021-01-04
Fabrice,It's Complicated,France,2021-01-04
Fabrice,Dracula,France,2021-01-04
Fabrice,The Uninvited,France,2021-01-04
Fabrice,Rose Island,France,2021-01-04
Fabrice,Jingle Jangle: A Christmas Journey,France,2020-12-22
Fabrice,Eternal Sunshine of the Spotless Mind,France,2020-12-22
Fabrice,Cable Girls,France,2020-12-18
Fabrice,KENGAN ASHURA,France,2020-12-18
Fabrice,A Series of Unfortunate Events,France,2020-12-18
Fabrice,War of the Worlds,France,2020-11-09
Fabrice,The Haunting of Bly Manor,France,2020-11-04
Fabrice,Vertigo,France,2020-10-18
Fabrice,The Irishman,France,2020-10-18
Fabrice,Perfume,France,2020-10-17
Fabrice,The Haunting of Bly Manor,France,2020-10-17
Fabrice,Young Wallander,France,2020-10-12
Fabrice,Biohackers,France,2020-10-12
Fabrice,GoodFellas,France,2020-10-11
Fabrice,The King,France,2020-10-11
Fabrice,Click,France,2020-10-11
Fabrice,Extraction,France,2020-10-11
Fabrice,Lost City of Z,France,2020-10-11
Fabrice,Riphagen - The Untouchable,France,2020-10-11
Fabrice,The Haunting of Bly Manor,France,2020-10-07
Fabrice,Cobra Kai,France,2020-10-07
Fabrice,The Emoji Movie,France,2020-10-07
Fabrice,War of the Worlds,France,2020-10-07
Fabrice,Ratched,France,2020-09-18
Fabrice,Cursed,France,2020-07-22
Fabrice,One-Punch Man,France,2020-05-14
Fabrice,Attack on Titan,France,2020-05-14
Fabrice,Workin' Moms,France,2020-05-11
Fabrice,Dune,France,2020-05-01
Fabrice,Love Wedding Repeat,France,2020-04-16
Fabrice,Deadwind,France,2020-04-13
Fabrice,Superman Returns,France,2020-04-08
Fabrice,The Stranger,France,2020-04-08
Fabrice,The Decline,France,2020-04-08
Fabrice,Bienvenue au Gondwana,France,2020-04-06
Fabrice,Cooked with Cannabis,France,2020-04-06
Fabrice,The Circle France,France,2020-04-06
Fabrice,The Main Event,France,2020-04-06
Fabrice,Barbie Dreamhouse Adventures: Go Team Roberts,France,2020-04-06
Fabrice,Smurfs: The Lost Village,France,2020-04-06
Fabrice,The Last Kids on Earth,France,2020-04-06
Fabrice,The Heartbreak Kid,France,2020-03-03
Fabrice,Babysitting,France,2020-03-03
Fabrice,All That Glitters,France,2020-03-03
Fabrice,Locke & Key,France,2020-02-02
Fabrice,Fleur de Tonnerre,France,2020-01-22
Fabrice,Kingdom of Heaven,France,2020-01-19
Fabrice,"Crazy, Stupid, Love.",France,2019-12-23
Fabrice,Lost in Space,France,2019-12-23
Fabrice,True Story,France,2019-12-23
Fabrice,Titans,France,2019-12-23
Fabrice,You,France,2019-12-23
Fabrice,Savages,France,2019-12-17
Fabrice,V Wars,France,2019-11-23
Fabrice,Je Fais le Mort,France,2019-11-21
Fabrice,November 13: Attack on Paris,France,2019-11-16
Fabrice,Short Circuit 2,France,2019-11-02
Fabrice,The Revenant,France,2019-11-02
Fabrice,"The First, the Last",France,2019-09-26
Fabrice,The Adversary,France,2019-09-26
Fabrice,V for Vendetta,France,2019-09-16
Fabrice,Elite,France,2019-09-01
Fabrice,The Shallows,France,2019-08-23
Fabrice,Modern Family,France,2019-08-15
Fabrice,Tiffany Haddish Presents: They Ready,France,2019-08-15
Fabrice,Sintonia,France,2019-08-15
Fabrice,The InBESTigators,France,2019-08-15
Fabrice,Wu Assassins,France,2019-08-15
Fabrice,The Thing,France,2019-07-07
Fabrice,Dead to Me,France,2019-06-28
Fabrice,Secret in Their Eyes,France,2019-05-23
Fabrice,CafÃ© Society,France,2019-05-14
Fabrice,Ã€ Coup SÃ»r,France,2019-05-14
Fabrice,The Walk,France,2019-05-08
Fabrice,Black Spot,France,2019-04-30
Fabrice,Bleu Saphir,France,2019-04-16
Fabrice,Vert Ã‰meraude,France,2019-04-16
Fabrice,The Boy Who Harnessed the Wind,France,2019-04-16
Fabrice,Wanted,France,2019-04-15
Fabrice,Ghost Wars,France,2019-04-07
Fabrice,The Conjuring,France,2019-04-07
Fabrice,Kill Switch,France,2019-04-07
Fabrice,Northern Rescue,France,2019-04-04
Fabrice,The Next Karate Kid,France,2019-03-26
Fabrice,Mr. Nobody,France,2019-03-20
Fabrice,Field of Dreams,France,2019-03-20
Fabrice,Dirty John: The Dirty Truth,France,2019-03-19
Fabrice,Grudge Match,France,2019-03-19
Fabrice,Cape Town Cops,France,2019-03-19
Fabrice,Mercy,France,2019-03-19
Fabrice,Julie & Julia,France,2019-03-19
Fabrice,Nighthawks,France,2019-03-19
Fabrice,Spectral,France,2019-03-19
Fabrice,Apocalypto,France,2019-03-19
Fabrice,Dirt,France,2019-03-19
Fabrice,Into the Wild,France,2019-03-19
Fabrice,The Nest,France,2019-03-19
Fabrice,Getaway Plan,France,2019-03-19
Fabrice,Mountain,France,2019-03-18
Fabrice,Triple Frontier,France,2019-03-17
Fabrice,Apostle,France,2019-03-16
Fabrice,Circle,France,2019-03-16
Fabrice,Ouija,France,2019-03-16
Fabrice,The Program,France,2019-03-15
Fabrice,Serena,France,2019-02-02
Fabrice,Karl Meltzer: Made to Be Broken,France,2019-01-15
Fabrice,Battle,France,2019-01-01
Fabrice,The Big Short,France,2019-01-01
Fabrice,Dumplin',France,2019-01-01
Fabrice,The Ballad of Buster Scruggs,France,2019-01-01
Fabrice,Watership Down,France,2019-01-01
Fabrice,ROMA,France,2019-01-01
Fabrice,F.R.E.D.I.,France,2018-12-18
Fabrice,Read My Lips,France,2018-12-18
Fabrice,Whiplash,France,2018-12-18
Fabrice,Rouge rubis,France,2018-12-18
Fabrice,Call My Agent!,France,2018-12-12
Fabrice,"Crazy, Stupid, Love.",France,2018-11-03
Fabrice,The Man from the Future,France,2018-11-03
Fabrice,Bokeh,France,2018-11-03
Fabrice,The Battery,France,2018-11-03
Fabrice,Tales of Halloween,France,2018-11-03
Fabrice,Let's Be Evil,France,2018-11-03
Fabrice,Children of Men,France,2018-11-03
Fabrice,La Mante,France,2018-10-07
Fabrice,No Second Chance,France,2018-10-07
Fabrice,The Chalet,France,2018-10-07
Fabrice,Somewhere Between,France,2018-10-07
Fabrice,Cathedral of the Sea,France,2018-09-30
Fabrice,Magic for Humans,France,2018-09-23
Fabrice,Ricki and the Flash,France,2018-09-21
Fabrice,Stranger by the Lake,France,2018-09-16
Fabrice,Hitman,France,2018-09-11
Fabrice,6 Balloons,France,2018-09-10
Fabrice,The Discovery,France,2018-09-10
Fabrice,Hans Zimmer: Live in Prague,France,2018-09-10
Fabrice,The Forest,France,2018-09-10
Fabrice,Our Souls at Night,France,2018-08-28
Fabrice,Takers,France,2018-08-03
Fabrice,The Lizzie Borden Chronicles,France,2018-07-24
Fabrice,Mr. Sunshine,France,2018-07-20
Fabrice,The Green Mile,France,2018-07-18
Fabrice,Zoe,France,2018-07-18
Fabrice,Singham,France,2018-07-15
Fabrice,Collateral,France,2018-07-12
Fabrice,The Skin of the Wolf,France,2018-07-10
Fabrice,Captain Phillips,France,2018-07-09
Fabrice,Safe House,France,2018-07-05
Fabrice,Ghost Wars,France,2018-06-23
Fabrice,Brain on Fire,France,2018-06-23
Fabrice,Nailed It!,France,2018-06-13
Fabrice,Misconduct,France,2018-06-07
Fabrice,The Pact,France,2018-05-30
Fabrice,Imperium,France,2018-05-30
Fabrice,Small Town Crime,France,2018-05-30
Fabrice,Requiem,France,2018-05-22
Fabrice,Last Knights,France,2018-05-06
Fabrice,A Walk in the Clouds,France,2018-03-20
Fabrice,The American President,France,2018-03-20
Fabrice,Bram Stoker's Dracula,France,2018-03-20
Fabrice,6 Days,France,2018-03-20
Fabrice,Annihilation,France,2018-03-12
Mymy ğŸŒ,A Girl and an Astronaut,France,2023-02-19
Mymy ğŸŒ,The Law According to Lidia PoÃ«t,France,2023-02-18
Mymy ğŸŒ,The Social Dilemma,France,2023-02-18
Mymy ğŸŒ,Traitors,France,2023-02-18
Mymy ğŸŒ,The Bletchley Circle: San Francisco,France,2023-02-18
Mymy ğŸŒ,The Tinder Swindler,France,2023-02-18
Mymy ğŸŒ,MIU404,France,2023-02-09
Mymy ğŸŒ,The Wind Blows,France,2023-02-09
Mymy ğŸŒ,I Will Be Your Bloom,France,2023-02-09
Mymy ğŸŒ,Panayotis Pascot: Almost,France,2023-02-09
Mymy ğŸŒ,The Forgotten,France,2023-02-09
Mymy ğŸŒ,Crash Course in Romance,France,2023-02-05
Mymy ğŸŒ,Knives Out,France,2023-01-03
Mymy ğŸŒ,Glass Onion: A Knives Out Mystery,France,2023-01-03
Mymy ğŸŒ,Inside Man,France,2022-11-10
Mymy ğŸŒ,Shards of Her,France,2022-11-10
Mymy ğŸŒ,Flower of Evil,France,2022-11-10
Mymy ğŸŒ,The Sinner,France,2022-11-10
Mymy ğŸŒ,Strongest Deliveryman,France,2022-10-20
Mymy ğŸŒ,Everything Calls for Salvation,France,2022-10-20
Mymy ğŸŒ,DAHMER,France,2022-10-20
Mymy ğŸŒ,Little Women,France,2022-10-20
Mymy ğŸŒ,The Playlist,France,2022-10-20
Mymy ğŸŒ,Once Upon a Small Town,France,2022-10-20
Mymy ğŸŒ,The School for Good and Evil,France,2022-10-20
Mymy ğŸŒ,I AM A KILLER,France,2022-09-13
Mymy ğŸŒ,I AM A KILLER: RELEASED,France,2022-09-13
Mymy ğŸŒ,"BASTARDâ€¼ -Heavy Metal, Dark Fantasy-",France,2022-08-29
Mymy ğŸŒ,Up for Love,France,2022-08-29
Mymy ğŸŒ,Manifest,France,2022-08-29
Mymy ğŸŒ,The Hobbit: An Unexpected Journey,France,2022-08-28
Mymy ğŸŒ,Constantine,France,2022-08-28
Mymy ğŸŒ,The Hobbit: The Desolation of Smaug,France,2022-08-28
Mymy ğŸŒ,Strong Girl Bong-soon,France,2022-08-24
Mymy ğŸŒ,Unsolved Mysteries,France,2022-08-24
Mymy ğŸŒ,CafÃ© Minamdang,France,2022-08-07
Mymy ğŸŒ,The Sandman,France,2022-08-07
Mymy ğŸŒ,She Would Never Know,France,2022-08-07
Mymy ğŸŒ,Sell Your Haunted House,France,2022-08-07
Mymy ğŸŒ,Remarriage & Desires,France,2022-08-06
Mymy ğŸŒ,Purple Hearts,France,2022-08-06
Mymy ğŸŒ,When My Love Blooms,France,2022-08-06
Mymy ğŸŒ,Breaking Boundaries: The Science Of Our Planet,France,2022-08-06
Mymy ğŸŒ,Extraordinary Attorney Woo,France,2022-08-06
Mymy ğŸŒ,Taxi Driver,France,2022-08-06
Mymy ğŸŒ,Forecasting Love and Weather,France,2022-08-06
Mymy ğŸŒ,Police University,France,2022-08-06
Mymy ğŸŒ,Bubble,France,2022-07-24
Mymy ğŸŒ,Altered Carbon: Resleeved,France,2022-07-24
Mymy ğŸŒ,SPRIGGAN,France,2022-06-26
Mymy ğŸŒ,Brooklyn Nine-Nine,France,2022-06-26
Mymy ğŸŒ,The Bleeding Edge,France,2022-06-18
Mymy ğŸŒ,Inside the Criminal Mind,France,2022-06-18
Mymy ğŸŒ,The Minimalists: Less Is Now,France,2022-06-18
Mymy ğŸŒ,Fantastic Fungi,France,2022-06-18
Mymy ğŸŒ,Bill Nye: Science Guy,France,2022-06-18
Mymy ğŸŒ,Bill Nye Saves the World,France,2022-06-18
Mymy ğŸŒ,Coded Bias,France,2022-06-18
Mymy ğŸŒ,Chicago Med,France,2022-06-18
Mymy ğŸŒ,Brave Blue World: Racing to Solve Our Water Crisis,France,2022-06-18
Mymy ğŸŒ,Arcane,France,2022-06-11
Mymy ğŸŒ,My Liberation Notes,France,2022-06-07
Mymy ğŸŒ,"Love, Death & Robots",France,2022-05-27
Mymy ğŸŒ,Unbelievable,France,2022-05-27
Mymy ğŸŒ,Twenty Five Twenty One,France,2022-05-16
Mymy ğŸŒ,The Sound of Magic,France,2022-05-10
Mymy ğŸŒ,You Are My Spring,France,2022-04-28
Mymy ğŸŒ,"Nevertheless,",France,2022-04-28
Mymy ğŸŒ,Heartstopper,France,2022-04-24
Mymy ğŸŒ,Pacific Rim: The Black,France,2022-04-24
Mymy ğŸŒ,Tomorrow,France,2022-04-24
Mymy ğŸŒ,Memoirs of a Geisha,France,2022-04-24
Mymy ğŸŒ,Bad Guys: Vile City,France,2022-04-23
Mymy ğŸŒ,Business Proposal,France,2022-04-23
Mymy ğŸŒ,Under the Black Moonlight,France,2022-04-23
Mymy ğŸŒ,"The Mind, Explained",France,2022-04-18
Mymy ğŸŒ,My Hero Academia,France,2022-04-18
Mymy ğŸŒ,Komi Can't Communicate,France,2022-04-18
Mymy ğŸŒ,TIGER & BUNNY,France,2022-04-18
Mymy ğŸŒ,Inside Bill's Brain: Decoding Bill Gates,France,2022-04-18
Mymy ğŸŒ,Cooked,France,2022-04-18
Mymy ğŸŒ,Rain or Shine,France,2022-03-13
Mymy ğŸŒ,Peaky Blinders,France,2022-03-13
Mymy ğŸŒ,"The Mind, Explained",France,2022-03-09
Mymy ğŸŒ,The Good Doctor,France,2022-01-30
Mymy ğŸŒ,My Name,France,2021-11-03
Mymy ğŸŒ,Demon Slayer: Kimetsu no Yaiba,France,2021-11-03
Mymy ğŸŒ,The King's Affection,France,2021-11-03
Mymy ğŸŒ,Baki Hanma,France,2021-11-03
Mymy ğŸŒ,Her Private Life,France,2021-11-03
Mymy ğŸŒ,Mad Dog,France,2021-11-03
Mymy ğŸŒ,Lawless Lawyer,France,2021-11-03
Mymy ğŸŒ,Uncontrollably Fond,France,2021-11-03
Mymy ğŸŒ,Search WWW,France,2021-11-03
Mymy ğŸŒ,Hometown Cha-Cha-Cha,France,2021-11-03
Mymy ğŸŒ,Touch Your Heart,France,2021-11-03
Mymy ğŸŒ,Blue Period,France,2021-11-03
Mymy ğŸŒ,Witch at Court,France,2021-11-03
Mymy ğŸŒ,EDENS ZERO,France,2021-08-30
Mymy ğŸŒ,SHAMAN KING,France,2021-08-12
Mymy ğŸŒ,Good Manager,France,2021-08-12
Mymy ğŸŒ,New Amsterdam,France,2021-08-08
Mymy ğŸŒ,Freud,France,2021-08-08
Mymy ğŸŒ,Lovestruck in the City,France,2021-08-08
Mymy ğŸŒ,November 13: Attack on Paris,France,2021-08-08
Mymy ğŸŒ,Great Pretender,France,2021-08-08
Mymy ğŸŒ,Familiar Wife,France,2021-08-08
Mymy ğŸŒ,Chicago Typewriter,France,2021-08-08
Mymy ğŸŒ,Trese,France,2021-08-08
Mymy ğŸŒ,Law School,France,2021-08-08
Mymy ğŸŒ,The Rational Life,France,2021-08-08
Mymy ğŸŒ,The Surgeon's Cut,France,2021-08-06
Mymy ğŸŒ,The Daily Life of the Immortal King,France,2021-08-03
Mymy ğŸŒ,Heaven Official's Blessing,France,2021-08-03
Mymy ğŸŒ,Mine,France,2021-08-03
Mymy ğŸŒ,Record of Ragnarok,France,2021-06-15
Mymy ğŸŒ,Itaewon Class,France,2021-06-15
Mymy ğŸŒ,Navillera,France,2021-06-15
Mymy ğŸŒ,Move to Heaven,France,2021-06-15
Mymy ğŸŒ,Suits,France,2021-05-15
Mymy ğŸŒ,Love (ft. Marriage and Divorce),France,2021-05-15
Mymy ğŸŒ,Vincenzo,France,2021-05-07
Mymy ğŸŒ,Zero,France,2021-04-21
Mymy ğŸŒ,Sisyphus,France,2021-04-20
Mymy ğŸŒ,Seraph of the End,France,2021-04-16
Mymy ğŸŒ,Find Me in Your Memory,France,2021-04-14
Mymy ğŸŒ,Live Up To Your Name,France,2021-03-28
Mymy ğŸŒ,Dr. Romantic,France,2021-03-28
Mymy ğŸŒ,The Irregulars,France,2021-03-26
Mymy ğŸŒ,What Happens to My Family?,France,2021-03-21
Mymy ğŸŒ,High-Rise Invasion,France,2021-03-21
Mymy ğŸŒ,Alice,France,2021-03-20
Mymy ğŸŒ,The Uncanny Counter,France,2021-03-20
Mymy ğŸŒ,Do You Like Brahms?,France,2021-03-20
Mymy ğŸŒ,Partners for Justice,France,2021-03-20
Mymy ğŸŒ,The One,France,2021-03-15
Mymy ğŸŒ,Run On,France,2021-02-12
Mymy ğŸŒ,Silent,France,2021-02-07
Mymy ğŸŒ,The Legend of Tarzan,France,2021-02-07
Mymy ğŸŒ,The Jungle Book,France,2021-02-07
Mymy ğŸŒ,We Can Be Heroes,France,2021-02-07
Mymy ğŸŒ,Busted!,France,2021-01-30
Mymy ğŸŒ,Oh My Ghost,France,2021-01-30
Mymy ğŸŒ,Angel's Last Mission: Love,France,2021-01-30
Mymy ğŸŒ,When the Camellia Blooms,France,2021-01-30
Mymy ğŸŒ,Itaewon Class,France,2021-01-30
Mymy ğŸŒ,Welcome to Waikiki,France,2021-01-30
Mymy ğŸŒ,Day and Night,France,2021-01-30
Mymy ğŸŒ,The Good Detective,France,2021-01-30
Mymy ğŸŒ,"My Secret, Terrius",France,2021-01-30
Mymy ğŸŒ,The Guest,France,2021-01-30
Mymy ğŸŒ,Mr. Sunshine,France,2021-01-30
Mymy ğŸŒ,"That Winter, the Wind Blows",France,2021-01-30
Mymy ğŸŒ,The Bureau of Magical Things,France,2021-01-30
Mymy ğŸŒ,The Climb,France,2021-01-24
Mymy ğŸŒ,Fate: The Winx Saga,France,2021-01-24
Mymy ğŸŒ,Shawn Mendes: In Wonder,France,2021-01-21
Mymy ğŸŒ,Your Name Engraved Herein,France,2021-01-21
Mymy ğŸŒ,Record of Youth,France,2021-01-21
Mymy ğŸŒ,Full Out 2: You Got This!,France,2021-01-21
Mymy ğŸŒ,My Secret Romance,France,2021-01-21
Mymy ğŸŒ,Wish You,France,2021-01-21
Mymy ğŸŒ,Do Do Sol Sol La La Sol,France,2021-01-21
Mymy ğŸŒ,Tune in for Love,France,2021-01-21
Mymy ğŸŒ,Hot Gimmick: Girl Meets Boy,France,2021-01-21
Mymy ğŸŒ,Mystic Pop-up Bar,France,2021-01-21
Mymy ğŸŒ,Crash Landing on You,France,2021-01-21
Mymy ğŸŒ,Start-Up,France,2021-01-20
Mymy ğŸŒ,Cagaster of an Insect Cage,France,2020-12-18
Mymy ğŸŒ,Grimoire of Zero,France,2020-12-18
Mymy ğŸŒ,Sweet Home,France,2020-12-18
Mymy ğŸŒ,Psycho-Pass: The Movie,France,2020-12-18
Mymy ğŸŒ,Designated Survivor: 60 Days,France,2020-10-28
Mymy ğŸŒ,Voice,France,2020-10-28
Mymy ğŸŒ,Doctor Prisoner,France,2020-10-28
Mymy ğŸŒ,Signal,France,2020-10-28
Mymy ğŸŒ,The Devil Punisher,France,2020-10-28
Mymy ğŸŒ,Possessed,France,2020-10-28
Mymy ğŸŒ,Hospital Playlist,France,2020-10-28
Mymy ğŸŒ,Over the Moon,France,2020-10-28
Mymy ğŸŒ,Hot Stove League,France,2020-10-28
Mymy ğŸŒ,The Victims' Game,France,2020-10-28
Mymy ğŸŒ,Doctor John,France,2020-10-26
Mymy ğŸŒ,La RÃ©volution,France,2020-10-16
Mymy ğŸŒ,Stranger,France,2020-10-13
Mymy ğŸŒ,How to Get Away With Murder,France,2020-10-08
Mymy ğŸŒ,Enola Holmes,France,2020-10-01
Mymy ğŸŒ,Dragon's Dogma,France,2020-09-25
Mymy ğŸŒ,The School Nurse Files,France,2020-09-25
Mymy ğŸŒ,Izzy's Koala World,France,2020-09-23
Mymy ğŸŒ,Julie and the Phantoms,France,2020-09-13
Mymy ğŸŒ,The Idhun Chronicles,France,2020-09-13
Mymy ğŸŒ,Was It Love?,France,2020-09-13
Mymy ğŸŒ,Sherlock Holmes: A Game of Shadows,France,2020-09-12
Mymy ğŸŒ,Sherlock Holmes,France,2020-09-12
Mymy ğŸŒ,Mr. Holmes,France,2020-09-12
Mymy ğŸŒ,It's Okay to Not Be Okay,France,2020-09-11
Mymy ğŸŒ,Izzy's Koala World,France,2020-09-10
Mymy ğŸŒ,Sherlock,France,2020-09-10
Mymy ğŸŒ,Enola Holmes,France,2020-09-10
Mymy ğŸŒ,How to Get Away With Murder,France,2020-09-10
Mymy ğŸŒ,Dragon's Dogma,France,2020-09-10
Mymy ğŸŒ,Work It,France,2020-08-14
Mymy ğŸŒ,The Old Guard,France,2020-08-03
Mymy ğŸŒ,The Last Empress,France,2020-07-27
Mymy ğŸŒ,Extraordinary You,France,2020-07-27
Mymy ğŸŒ,Hotel Del Luna,France,2020-07-16
Mymy ğŸŒ,The Baby-Sitters Club,France,2020-07-09
Mymy ğŸŒ,Mystic Pop-up Bar,France,2020-07-09
Mymy ğŸŒ,A Whisker Away,France,2020-07-09
Mymy ğŸŒ,Feel the Beat,France,2020-07-09
Mymy ğŸŒ,Say I Do,France,2020-07-09
Mymy ğŸŒ,Warrior Nun,France,2020-07-08
Mymy ğŸŒ,The King: Eternal Monarch,France,2020-06-24
Mymy ğŸŒ,The Tale of Nokdu,France,2020-06-18
Mymy ğŸŒ,Lovely Horribly,France,2020-06-18
Mymy ğŸŒ,Nadiyaâ€™s Time to Eat,France,2020-05-03
Mymy ğŸŒ,Kill Me Heal Me,France,2020-05-03
Mymy ğŸŒ,Howlâ€™s Moving Castle,France,2020-04-01
Mymy ğŸŒ,Come and Hug Me,France,2020-03-24
Mymy ğŸŒ,Go Karts,France,2020-03-24
Mymy ğŸŒ,Vampires,France,2020-03-24
Mymy ğŸŒ,Lost Girls,France,2020-03-19
Mymy ğŸŒ,Cagaster of an Insect Cage,France,2020-03-16
Mymy ğŸŒ,NiNoKuni,France,2020-02-22
Mymy ğŸŒ,Isi & Ossi,France,2020-02-19
Mymy ğŸŒ,Ashley Garcia: Genius in Love,France,2020-02-17
Mymy ğŸŒ,Because This Is My First Life,France,2020-02-02
Mymy ğŸŒ,Luna Nera,France,2020-02-01
Mymy ğŸŒ,Next in Fashion,France,2020-01-31
Mymy ğŸŒ,Chocolate,France,2020-01-30
Mymy ğŸŒ,Jumping Girl,France,2020-01-28
Mymy ğŸŒ,Chef's Table,France,2020-01-18
Mymy ğŸŒ,The InBESTigators,France,2020-01-10
Mymy ğŸŒ,AJ and the Queen,France,2020-01-10
Mymy ğŸŒ,NiNoKuni,France,2020-01-10
Mymy ğŸŒ,Reunited Worlds,France,2020-01-10
Mymy ğŸŒ,The Secret Life of My Secretary,France,2020-01-10
Mymy ğŸŒ,Wok of Love,France,2020-01-10
Mymy ğŸŒ,Yanxi Palace: Princess Adventures,France,2020-01-08
Mymy ğŸŒ,Cheer,France,2020-01-08
Mymy ğŸŒ,Spinning Out,France,2020-01-01
Mymy ğŸŒ,The Bride of Habaek,France,2020-01-01
Mymy ğŸŒ,Once Upon A Time In Lingjian Mountain,France,2019-12-23
Mymy ğŸŒ,The Giver,France,2019-12-23
Mymy ğŸŒ,The Witcher,France,2019-12-21
Mymy ğŸŒ,The Package,France,2019-12-15
Mymy ğŸŒ,Warm and Cozy,France,2019-12-15
Mymy ğŸŒ,Best Lover,France,2019-12-14
Mymy ğŸŒ,Yong Pal,France,2019-12-14
Mymy ğŸŒ,I'm not a robot,France,2019-12-14
Mymy ğŸŒ,Whisper,France,2019-12-14
Mymy ğŸŒ,The Charming Stepmom,France,2019-12-14
Mymy ğŸŒ,The Prince of Tennis ~ Match! Tennis Juniors ~,France,2019-12-08
Mymy ğŸŒ,My Dear Warrior,France,2019-12-08
Mymy ğŸŒ,Home for Christmas,France,2019-12-08
Mymy ğŸŒ,The K2,France,2019-12-08
Mymy ğŸŒ,New Year's Eve,France,2019-12-08
Mymy ğŸŒ,Beauty Inside,France,2019-12-08
Mymy ğŸŒ,"Bring It On, Ghost",France,2019-12-08
Mymy ğŸŒ,You Got Served,France,2019-12-08
Mymy ğŸŒ,The Liar and His Lover,France,2019-12-08
Mymy ğŸŒ,Good Morning Call,France,2019-12-08
Mymy ğŸŒ,A Christmas Prince: The Royal Baby,France,2019-12-08
Mymy ğŸŒ,Beats,France,2019-12-08
Mymy ğŸŒ,Levius,France,2019-12-05
Mymy ğŸŒ,Don't F**k with Cats: Hunting an Internet Killer,France,2019-12-05
Mymy ğŸŒ,6 Underground,France,2019-12-05
Mymy ğŸŒ,Un plus une,France,2019-12-05
Mymy ğŸŒ,A Family Reunion Christmas,France,2019-12-05
Mymy ğŸŒ,Marriage Story,France,2019-12-05
Mymy ğŸŒ,Soundtrack,France,2019-12-05
Mymy ğŸŒ,Three Days of Christmas,France,2019-12-05
Mymy ğŸŒ,Twice Upon A Time,France,2019-12-05
Mymy ğŸŒ,Cinderella and the Four Knights,France,2019-12-05
Mymy ğŸŒ,Jack Whitehall: Christmas with My Father,France,2019-12-05
Mymy ğŸŒ,Virgin River,France,2019-12-05
Mymy ğŸŒ,Glow Up,France,2019-12-05
Mymy ğŸŒ,The Best Man Holiday,France,2019-12-05
Mymy ğŸŒ,Triad Princess,France,2019-12-05
Mymy ğŸŒ,The Confession Killer,France,2019-12-05
Mymy ğŸŒ,Spirit Riding Free: Spirit of Christmas,France,2019-12-05
Mymy ğŸŒ,Christmas With A View,France,2019-11-24
Mymy ğŸŒ,The King,France,2019-11-14
Mymy ğŸŒ,Love Your Garden,France,2019-11-14
Mymy ğŸŒ,Earthquake Bird,France,2019-11-09
Mymy ğŸŒ,Klaus,France,2019-11-09
Mymy ğŸŒ,Singapore Social,France,2019-11-09
Mymy ğŸŒ,Let It Snow,France,2019-11-09
Mymy ğŸŒ,No Time for Shame,France,2019-11-09
Mymy ğŸŒ,Nobody's Looking,France,2019-11-09
Mymy ğŸŒ,Mortel,France,2019-11-09
Mymy ğŸŒ,Holiday Secrets,France,2019-11-09
Mymy ğŸŒ,The Knight Before Christmas,France,2019-11-09
Mymy ğŸŒ,Fadily Camara : La plus drÃ´le de tes copines,France,2019-11-09
Mymy ğŸŒ,The Edge of Seventeen,France,2019-11-09
Mymy ğŸŒ,GO! The Unforgettable Party,France,2019-11-09
Mymy ğŸŒ,Mobile Suit Gundam: Iron-Blooded Orphans,France,2019-11-09
Mymy ğŸŒ,Amazing Interiors,France,2019-10-24
Mymy ğŸŒ,Grand Designs,France,2019-10-24
Mymy ğŸŒ,THE UNLISTED,France,2019-10-23
Mymy ğŸŒ,Flavorful Origins,France,2019-10-21
Mymy ğŸŒ,Queer Eye: We're in Japan!,France,2019-10-21
Mymy ğŸŒ,The Lies Within,France,2019-10-21
Mymy ğŸŒ,Holiday in the Wild,France,2019-10-21
Mymy ğŸŒ,Radiant,France,2019-10-21
Mymy ğŸŒ,Daybreak,France,2019-10-15
Mymy ğŸŒ,Baby,France,2019-10-15
Mymy ğŸŒ,Interior Design Masters,France,2019-10-15
Mymy ğŸŒ,The Yard,France,2019-10-15
Mymy ğŸŒ,Cheese in the Trap,France,2019-10-14
Mymy ğŸŒ,Vagabond,France,2019-10-14
Mymy ğŸŒ,Eli,France,2019-10-06
Mymy ğŸŒ,Fractured,France,2019-10-06
Mymy ğŸŒ,Ultramarine Magmell,France,2019-10-06
Mymy ğŸŒ,The Awakening of Motti Wolkenbruch,France,2019-10-06
Mymy ğŸŒ,Seis Manos,France,2019-10-03
Mymy ğŸŒ,Big,France,2019-10-02
Mymy ğŸŒ,In the Shadow of the Moon,France,2019-10-02
Mymy ğŸŒ,Coffee Prince,France,2019-10-02
Mymy ğŸŒ,Christmas Inheritance,France,2019-10-01
Mymy ğŸŒ,Heartbeats,France,2019-10-01
Mymy ğŸŒ,Hi! School - Love On,France,2019-09-30
Mymy ğŸŒ,Romance Is a Bonus Book,France,2019-09-30
Mymy ğŸŒ,Raising Dion,France,2019-09-28
Mymy ğŸŒ,You Canâ€™t Fight Christmas,France,2019-09-25
Mymy ğŸŒ,Kiss Me First,France,2019-09-21
Mymy ğŸŒ,The Hockey Girls,France,2019-09-21
Mymy ğŸŒ,No Good Nick,France,2019-09-21
Mymy ğŸŒ,Black Lagoon,France,2019-09-21
Mymy ğŸŒ,One Spring Night,France,2019-09-21
Mymy ğŸŒ,Well-Intended Love,France,2019-09-21
Mymy ğŸŒ,Rookie Historian Goo Hae-Ryung,France,2019-09-20
Mymy ğŸŒ,The Politician,France,2019-09-19
Mymy ğŸŒ,Kabaneri of the Iron Fortress: The Battle of Unato,France,2019-09-19
Mymy ğŸŒ,How Do You Know,France,2019-09-19
Mymy ğŸŒ,Orange Marmalade,France,2019-09-15
Mymy ğŸŒ,Good Sam,France,2019-09-14
Mymy ğŸŒ,Marianne,France,2019-09-14
Mymy ğŸŒ,Tall Girl,France,2019-09-14
Mymy ğŸŒ,The I-Land,France,2019-09-12
Mymy ğŸŒ,Terrace House: Tokyo 2019-2020,France,2019-09-11
Mymy ğŸŒ,The A List,France,2019-09-04
Mymy ğŸŒ,Freedom Writers,France,2019-08-26
Mymy ğŸŒ,The Stolen Years,France,2019-08-23
Mymy ğŸŒ,The Way We Dance,France,2019-08-23
Mymy ğŸŒ,Dot 2 Dot,France,2019-08-23
Mymy ğŸŒ,Wolves,France,2019-08-22
Mymy ğŸŒ,Wild Child,France,2019-08-22
Mymy ğŸŒ,Ice Fantasy,France,2019-08-18
Mymy ğŸŒ,Across Grace Alley,France,2019-08-18
Mymy ğŸŒ,Les MystÃ©rieuses CitÃ©s dâ€™or,France,2019-08-18
Mymy ğŸŒ,Nick and Norah's Infinite Playlist,France,2019-08-18
Mymy ğŸŒ,A Certain Magical Index: The Movie ï¼The Miracle of Endymion,France,2019-08-18
Mymy ğŸŒ,Sword Oratoria: Is It Wrong to Try to Pick Up Girls in a Dungeon? On the Side,France,2019-08-16
Mymy ğŸŒ,A Certain Scientific Railgun,France,2019-08-16
Mymy ğŸŒ,A Certain Magical Index,France,2019-08-16
Mymy ğŸŒ,Love Alarm,France,2019-08-13
Mymy ğŸŒ,Wu Assassins,France,2019-08-13
Mymy ğŸŒ,Cannon Busters,France,2019-08-13
Mymy ğŸŒ,13 Reasons Why,France,2019-08-13
Mymy ğŸŒ,Better Than Us,France,2019-08-13
Mymy ğŸŒ,Diagnosis,France,2019-08-13
Mymy ğŸŒ,The Shallows,France,2019-08-13
Mymy ğŸŒ,KENGAN ASHURA,France,2019-08-01
Mymy ğŸŒ,Otherhood,France,2019-07-31
Mymy ğŸŒ,KENGAN ASHURA,France,2019-07-27
Mymy ğŸŒ,â€‹SAINT SEIYA: Knights of the Zodiac,France,2019-07-23
Mymy ğŸŒ,KENGAN ASHURA,France,2019-07-23
Mymy ğŸŒ,â€‹SAINT SEIYA: Knights of the Zodiac,France,2019-07-21
Mymy ğŸŒ,My First First Love,France,2019-07-20
Mymy ğŸŒ,The Worst Witch,France,2019-07-20
Mymy ğŸŒ,Monster House,France,2019-07-13
Mymy ğŸŒ,Samurai 7,France,2019-07-10
Mymy ğŸŒ,Neon Genesis Evangelion,France,2019-07-05
Mymy ğŸŒ,My Golden Life,France,2019-06-28
Mymy ğŸŒ,Radio Romance,France,2019-06-28
Mymy ğŸŒ,Glee,France,2019-06-28
Mymy ğŸŒ,Ted 2,France,2019-06-28
Mymy ğŸŒ,Bangkok Love Stories: Objects of Affection,France,2019-06-28
Mymy ğŸŒ,Kidnapping Stella,France,2019-06-28
Mymy ğŸŒ,Blown Away,France,2019-06-28
Mymy ğŸŒ,Family Reunion,France,2019-06-28
Mymy ğŸŒ,NOVA: Black Hole Apocalypse,France,2019-06-28
Mymy ğŸŒ,The Legend of White Snake,France,2019-06-28
Mymy ğŸŒ,Swiped,France,2019-06-28
Mymy ğŸŒ,The Prince & Me,France,2019-06-28
Mymy ğŸŒ,Descendants of the Sun,France,2019-06-28
Mymy ğŸŒ,Point Blank,France,2019-06-28
Mymy ğŸŒ,Bangkok Love Stories: Plead,France,2019-06-28
Mymy ğŸŒ,Good Manager,France,2019-06-28
Mymy ğŸŒ,Son of Rambow,France,2019-06-28
Mymy ğŸŒ,Hit The Top,France,2019-06-28
Mymy ğŸŒ,Are You Human,France,2019-06-28
Mymy ğŸŒ,Queen for Seven Days,France,2019-06-28
Mymy ğŸŒ,Black Knight: The Man Who Guards Me,France,2019-06-28
Mymy ğŸŒ,Fight for My Way,France,2019-06-28
Mymy ğŸŒ,Kakegurui,France,2019-06-21
Mymy ğŸŒ,7SEEDS,France,2019-06-20
Mymy ğŸŒ,Jinn,France,2019-06-13
Mymy ğŸŒ,She's All That,France,2019-06-10
Mymy ğŸŒ,Confessions of a Teenage Drama Queen,France,2019-06-10
Mymy ğŸŒ,Dance Academy: The Comeback,France,2019-06-10
Mymy ğŸŒ,"Oh, Ramona!",France,2019-06-07
Mymy ğŸŒ,Sex Education,France,2019-06-07
Mymy ğŸŒ,Abyss,France,2019-05-30
Mymy ğŸŒ,é»’åŸ·äº‹ Book of the Atlantic,France,2019-05-24
Mymy ğŸŒ,Center Stage,France,2019-05-24
Mymy ğŸŒ,Rock My Heart,France,2019-05-24
Mymy ğŸŒ,Fairy Tail: Dragon Cry,France,2019-05-24
Mymy ğŸŒ,How to Sell Drugs Online (Fast),France,2019-05-24
Mymy ğŸŒ,Witchcraft Works,France,2019-05-22
Mymy ğŸŒ,Kuroko's Basketball,France,2019-05-17
Mymy ğŸŒ,revisions,France,2019-05-17
Mymy ğŸŒ,RRRrrrr!!!,France,2019-05-14
Mymy ğŸŒ,Clean With Passion For Now,France,2019-05-14
Mymy ğŸŒ,The Society,France,2019-05-12
Mymy ğŸŒ,Ingress: The Animation,France,2019-05-07
Mymy ğŸŒ,The Huntsman: Winter's War,France,2019-05-07
Mymy ğŸŒ,Boruto: Naruto Next Generations,France,2019-05-05
Mymy ğŸŒ,Tales of Zestiria the X,France,2019-05-05
Mymy ğŸŒ,Chambers,France,2019-04-28
Mymy ğŸŒ,The Last Summer,France,2019-04-26
Mymy ğŸŒ,My First First Love,France,2019-04-22
Mymy ğŸŒ,Guilty Crown,France,2019-04-08
Mymy ğŸŒ,Quicksand,France,2019-04-07
Mymy ğŸŒ,Ultraman,France,2019-04-03
Mymy ğŸŒ,Shooter,France,2019-04-03
Mymy ğŸŒ,Treasure Planet,France,2019-04-01
Mymy ğŸŒ,Hotel Transylvania,France,2019-04-01
Mymy ğŸŒ,Hotel Transylvania 2,France,2019-03-31
Mymy ğŸŒ,Bonnie & Clyde,France,2019-03-31
Mymy ğŸŒ,13 Reasons Why: Beyond the Reasons,France,2019-03-26
Mymy ğŸŒ,Careful What You Wish For,France,2019-03-26
Mymy ğŸŒ,The Queen of Flow,France,2019-03-25
Mymy ğŸŒ,Bangkok Love Stories: Innocence,France,2019-03-24
Mymy ğŸŒ,Marriage Contract,France,2019-03-24
Mymy ğŸŒ,The Choice,France,2019-03-19
Mymy ğŸŒ,The Umbrella Academy,France,2019-03-12
Mymy ğŸŒ,Walk. Ride. Rodeo.,France,2019-03-12
Mymy ğŸŒ,Arthur & Merlin,France,2019-03-11
Mymy ğŸŒ,Batman v Superman: Dawn of Justice,France,2019-03-10
Mymy ğŸŒ,Green Door,France,2019-03-10
Mymy ğŸŒ,Room,France,2019-03-10
Mymy ğŸŒ,Immortals,France,2019-03-09
Mymy ğŸŒ,The Order,France,2019-03-07
Mymy ğŸŒ,Northern Rescue,France,2019-03-05
Mymy ğŸŒ,Isn't It Romantic,France,2019-03-02
Mymy ğŸŒ,Go! Live Your Way,France,2019-02-25
Mymy ğŸŒ,Suburra: Blood on Rome,France,2019-02-24
Mymy ğŸŒ,Bleach,France,2019-02-19
Mymy ğŸŒ,Romance Is a Bonus Book,France,2019-02-16
Mymy ğŸŒ,Always a Witch,France,2019-02-16
Mymy ğŸŒ,To All the Boys Iâ€™ve Loved Before,France,2019-02-16
Mymy ğŸŒ,Titans,France,2019-02-16
Mymy ğŸŒ,The 5th Wave,France,2019-02-16
Mymy ğŸŒ,When Calls the Heart,France,2019-02-16
Mymy ğŸŒ,Ø¨Ù„Ø§Ù„: Ø¨Ø·Ù„ Ù…Ù† ÙØµÙŠÙ„ Ø¬Ø¯ÙŠØ¯,France,2019-02-05
Mymy ğŸŒ,Nightflyers,France,2019-02-01
Mymy ğŸŒ,My ID is Gangnam Beauty,France,2019-01-26
Mymy ğŸŒ,My Love from the Star,France,2019-01-26
Mymy ğŸŒ,Hellsing,France,2019-01-26
Mymy ğŸŒ,A Christmas Special: Miraculous: Tales of Ladybug & Cat Noir,France,2019-01-12
Mymy ğŸŒ,Berserk,France,2019-01-11
Mymy ğŸŒ,W â€“ Two Worlds Apart,France,2019-01-09
Mymy ğŸŒ,The Little Mermaid,France,2019-01-09
Mymy ğŸŒ,Shopaholic Louis,France,2019-01-09
Mymy ğŸŒ,Pan,France,2019-01-02
Mymy ğŸŒ,Weightlifting Fairy Kim Bok Joo,France,2019-01-02
Mymy ğŸŒ,The Seven Deadly Sins the Movie: Prisoners of the Sky,France,2019-01-02
Mymy ğŸŒ,Rise of the Guardians,France,2019-01-02
Mymy ğŸŒ,We Are Your Friends,France,2019-01-02
Mymy ğŸŒ,Billy Elliot,France,2018-12-29
Mymy ğŸŒ,Chocolate City: Vegas Strip,France,2018-12-25
Mymy ğŸŒ,Rouge rubis,France,2018-12-25
Mymy ğŸŒ,Hi Score Girl,France,2018-12-25
Mymy ğŸŒ,Sirius the Jaeger,France,2018-12-24
Mymy ğŸŒ,3Below: Tales of Arcadia,France,2018-12-23
Mymy ğŸŒ,BAKI,France,2018-12-19
Mymy ğŸŒ,The Hook Up Plan,France,2018-12-18
Mymy ğŸŒ,Free Rein: The Twelve Neighs of Christmas,France,2018-12-16
Mymy ğŸŒ,Memories of the Alhambra,France,2018-12-15
Mymy ğŸŒ,The Protector,France,2018-12-15
Mymy ğŸŒ,Back Street Girls -GOKUDOLS-,France,2018-12-13
Mymy ğŸŒ,Inheritors,France,2018-12-09
Mymy ğŸŒ,When They Cry: Kai (DO NOT USE),France,2018-12-05
Mymy ğŸŒ,Love in the Moonlight,France,2018-12-05
Mymy ğŸŒ,HERO MASK,France,2018-12-03
Mymy ğŸŒ,Battle,France,2018-12-02
Mymy ğŸŒ,Return to the Blue Lagoon,France,2018-12-02
Mymy ğŸŒ,Angela's Christmas,France,2018-12-02
Mymy ğŸŒ,Birth of a Beauty,France,2018-11-29
Mymy ğŸŒ,Dream High 2,France,2018-11-22
Mymy ğŸŒ,FullMetal Alchemist,France,2018-11-18
Mymy ğŸŒ,Mowgli: Legend of the Jungle,France,2018-11-18
Mymy ğŸŒ,The Princess Switch,France,2018-11-18
Mymy ğŸŒ,When They Cry,France,2018-11-17
Mymy ğŸŒ,Chewing Gum,France,2018-11-10
Mymy ğŸŒ,49 Days,France,2018-11-09
Mymy ğŸŒ,The Girl Who Sees Scents,France,2018-11-09
Mymy ğŸŒ,Lie to Me,France,2018-11-09
Mymy ğŸŒ,Remember,France,2018-11-09
Mymy ğŸŒ,Suspicious Partner,France,2018-11-09
Mymy ğŸŒ,The Covenant,France,2018-11-08
Mymy ğŸŒ,Legion,France,2018-11-08
Mymy ğŸŒ,Bodyguard,France,2018-11-04
Mymy ğŸŒ,Huntik: Secrets and Seekers,France,2018-11-04
Mymy ğŸŒ,Pinocchio,France,2018-11-04
Mymy ğŸŒ,I Hear Your Voice,France,2018-11-04
Mymy ğŸŒ,Doctors,France,2018-11-04
Mymy ğŸŒ,The Judgement,France,2018-11-04
Mymy ğŸŒ,You are Beautiful,France,2018-11-04
Mymy ğŸŒ,Beautiful Gong Shim,France,2018-11-04
Mymy ğŸŒ,Secret Garden,France,2018-11-04
Mymy ğŸŒ,The Holiday Calendar,France,2018-11-02
Mymy ğŸŒ,A.X.L.,France,2018-10-29
Mymy ğŸŒ,Chilling Adventures of Sabrina,France,2018-10-27
Mymy ğŸŒ,Remember Me,France,2018-10-20
Mymy ğŸŒ,Un Prince (Presque) Charmant,France,2018-10-20
Mymy ğŸŒ,August Rush,France,2018-10-20
Mymy ğŸŒ,Gnome Alone,France,2018-10-20
Mymy ğŸŒ,Seeking a Friend for the End of the World,France,2018-10-20
Mymy ğŸŒ,Best.Worst.Weekend.Ever.,France,2018-10-20
Mymy ğŸŒ,Bakemonogatari,France,2018-10-14
Mymy ğŸŒ,Elite,France,2018-10-10
Mymy ğŸŒ,Alvin and the Chipmunks: Chipwrecked,France,2018-10-09
Mymy ğŸŒ,Voltron: Legendary Defender,France,2018-10-09
Mymy ğŸŒ,Alvin and the Chipmunks: The Squeakquel,France,2018-10-09
Mymy ğŸŒ,Avatar: The Last Airbender,France,2018-10-09
Mymy ğŸŒ,iCarly,France,2018-10-09
Mymy ğŸŒ,Alvin and the Chipmunks,France,2018-10-09
Mymy ğŸŒ,Creeped Out,France,2018-10-07
Mymy ğŸŒ,Private Life,France,2018-10-07
Mymy ğŸŒ,Brave,France,2018-10-06
Mymy ğŸŒ,A Witches' Ball,France,2018-10-06
Mymy ğŸŒ,Tuck Everlasting,France,2018-10-06
Mymy ğŸŒ,The New Legends of Monkey,France,2018-10-05
Mymy ğŸŒ,Trigun,France,2018-10-04
Mymy ğŸŒ,The 9th Life of Louis Drax,France,2018-10-04
Mymy ğŸŒ,Nappily Ever After,France,2018-10-04
Mymy ğŸŒ,"I, Cesar",France,2018-09-30
Mymy ğŸŒ,Never Back Down,France,2018-09-30
Mymy ğŸŒ,Arthur and the Invisibles,France,2018-09-30
Mymy ğŸŒ,DRAGON PILOT: Hisone & Masotan,France,2018-09-29
Mymy ğŸŒ,LOST SONG,France,2018-09-27
Mymy ğŸŒ,Mobile Suit Gundam UC,France,2018-09-26
Mymy ğŸŒ,The Dragon Prince,France,2018-09-23
Mymy ğŸŒ,Forest of Piano,France,2018-09-20
Mymy ğŸŒ,LAST HOPE,France,2018-09-19
Mymy ğŸŒ,The Mick,France,2018-09-18
Mymy ğŸŒ,Angry Birds,France,2018-09-18
Mymy ğŸŒ,Secret,France,2018-09-15
Mymy ğŸŒ,The End of the F***ing World,France,2018-09-15
Mymy ğŸŒ,Monkey Twins,France,2018-09-15
Mymy ğŸŒ,Dynasty,France,2018-09-15
Mymy ğŸŒ,Degrassi: Next Class,France,2018-09-15
Mymy ğŸŒ,Trot Lovers,France,2018-09-15
Mymy ğŸŒ,Bleach,France,2018-09-14
Mymy ğŸŒ,Atypical,France,2018-09-14
Mymy ğŸŒ,Next Gen,France,2018-08-23
Mymy ğŸŒ,No Game No Life,France,2018-08-23
Mymy ğŸŒ,Big Fish & Begonia,France,2018-08-17
Mymy ğŸŒ,Overlord,France,2018-08-15
Mymy ğŸŒ,All Out!!,France,2018-08-15
Mymy ğŸŒ,"Sassy, Go Go",France,2018-08-13
Mymy ğŸŒ,Cheer Squad,France,2018-08-11
Mymy ğŸŒ,Meteor Garden,France,2018-08-09
Mymy ğŸŒ,The Fault in Our Stars,France,2018-08-08
Mymy ğŸŒ,Trio,France,2018-08-08
Mymy ğŸŒ,World of Winx,France,2018-08-07
Mymy ğŸŒ,Regal Academy,France,2018-08-05
Mymy ğŸŒ,Bibi & Tina,France,2018-08-05
Mymy ğŸŒ,LoliRock,France,2018-08-04
Mymy ğŸŒ,Flavors of Youth: International Version,France,2018-08-04
Mymy ğŸŒ,Going for Gold,France,2018-08-04
Mymy ğŸŒ,Seventh Son,France,2018-08-03
Mymy ğŸŒ,The Worst Witch,France,2018-07-31
Mymy ğŸŒ,Durarara!!X2,France,2018-07-30
Mymy ğŸŒ,Magic Mike,France,2018-07-28
Mymy ğŸŒ,Slam,France,2018-07-28
Mymy ğŸŒ,Moorim School,France,2018-07-28
Mymy ğŸŒ,She's the Man,France,2018-07-28
Mymy ğŸŒ,I Feel Pretty,France,2018-07-25
Mymy ğŸŒ,"Me, Myself and Mum",France,2018-07-15
Mymy ğŸŒ,Rurouni Kenshin: Trust & Betrayal,France,2018-07-15
Mymy ğŸŒ,Queer Eye,France,2018-07-15
Mymy ğŸŒ,My Horrible Boss,France,2018-07-15
Mymy ğŸŒ,Fate/Grand Order -First Order-,France,2018-07-15
Mymy ğŸŒ,Edha,France,2018-07-13
Mymy ğŸŒ,Sugar Rush,France,2018-07-13
Mymy ğŸŒ,Puella Magi Madoka Magica,France,2018-07-13
Mymy ğŸŒ,Timeless,France,2018-07-11
Mymy ğŸŒ,Charlotte,France,2018-07-11
Mymy ğŸŒ,The Asterisk War,France,2018-07-02
Mymy ğŸŒ,Erased,France,2018-07-02
Mymy ğŸŒ,The Twilight Saga: Breaking Dawn: Part 2,France,2018-07-02
Mymy ğŸŒ,Dream High,France,2018-07-02
Mymy ğŸŒ,Anohana: The Flower We Saw That Day,France,2018-07-02
Mymy ğŸŒ,Your lie in April,France,2018-07-02
Mymy ğŸŒ,Underworld,France,2018-07-02
Mymy ğŸŒ,The Twilight Saga: New Moon,France,2018-07-02
Mymy ğŸŒ,March Comes in Like a Lion,France,2018-07-02
Mymy ğŸŒ,Heartbeats,France,2018-07-02
Mymy ğŸŒ,Twilight,France,2018-07-02
Mymy ğŸŒ,Duck Butter,France,2018-07-02
Mymy ğŸŒ,Healer,France,2018-07-01
Mymy ğŸŒ,Liv and Maddie,France,2018-06-30
Mymy ğŸŒ,Maggie & Bianca: Fashion Friends,France,2018-06-30
Mymy ğŸŒ,Marlon,France,2018-06-29
Mymy ğŸŒ,Anon,France,2018-06-27
Mymy ğŸŒ,Unsolved,France,2018-06-27
Mymy ğŸŒ,Who Are You: School 2015,France,2018-06-25
Mymy ğŸŒ,Ibiza,France,2018-06-14
Mymy ğŸŒ,Champions,France,2018-06-14
Mymy ğŸŒ,Alex Strangelove,France,2018-06-10
Mymy ğŸŒ,Mob Psycho 100,France,2018-05-22
Mymy ğŸŒ,This Is My Love,France,2018-05-20
Mymy ğŸŒ,Love and Marriage,France,2018-05-20
Mymy ğŸŒ,The Lady in Dignity,France,2018-05-20
Mymy ğŸŒ,The Outstanding Woman,France,2018-05-20
Mymy ğŸŒ,The Kissing Booth,France,2018-05-16
Mymy ğŸŒ,Another,France,2018-05-03
Mymy ğŸŒ,21 Thunder,France,2018-05-03
Mymy ğŸŒ,Hidden Singer,France,2018-05-03
Mymy ğŸŒ,2015 Dream Concert,France,2018-05-03
Mymy ğŸŒ,Irreplaceable You,France,2018-05-03
Mymy ğŸŒ,A Love So Beautiful,France,2018-05-03
Mymy ğŸŒ,The Who Was? Show,France,2018-05-03
Mymy ğŸŒ,Superstition,France,2018-05-03
Mymy ğŸŒ,Fantastic,France,2018-05-03
Mymy ğŸŒ,What in the World Happened?,France,2018-05-03
Mymy ğŸŒ,Gilmore Girls,France,2018-05-03
Mymy ğŸŒ,Beyond the Lights,France,2018-04-19
Mymy ğŸŒ,Yu-Gi-Oh!,France,2018-04-18
Mymy ğŸŒ,Spice and Wolf,France,2018-04-17
Mymy ğŸŒ,Vampire Knight,France,2018-04-13
Mymy ğŸŒ,Gangsta.,France,2018-04-13
Mymy ğŸŒ,The Boss Baby: Back in Business,France,2018-04-13
Mymy ğŸŒ,Cowboy Bebop,France,2018-04-13
Mymy ğŸŒ,Bruno and Boots: Go Jump in the Pool,France,2018-04-13
Mymy ğŸŒ,The Blacklist,France,2018-04-13
Mymy ğŸŒ,Bruno and Boots: This Can't Be Happening at Macdonald Hall,France,2018-04-13
Mymy ğŸŒ,Beyblade: Metal Fusion,France,2018-04-09
Mymy ğŸŒ,Yu-Gi-Oh!,France,2018-04-07
Mymy ğŸŒ,Troy: Fall of a City,France,2018-04-07
Mymy ğŸŒ,Fary Is the New Black,France,2018-04-07
Mymy ğŸŒ,Lost in Space,France,2018-04-06
Mymy ğŸŒ,One-Punch Man,France,2018-04-06
Mymy ğŸŒ,Basilisk,France,2018-04-05
Mymy ğŸŒ,Last Exile,France,2018-04-05
Mymy ğŸŒ,Focus,France,2018-04-05
Mymy ğŸŒ,Below Her Mouth,France,2018-04-05
Mymy ğŸŒ,D.E.B.S.,France,2018-04-05
Mymy ğŸŒ,My Little Monster,France,2018-04-04
Mymy ğŸŒ,The Heroic Legend of Arslan,France,2018-04-04
Mymy ğŸŒ,Reboot: The Guardian Code,France,2018-04-04
Mymy ğŸŒ,Black Bullet,France,2018-04-04
Mymy ğŸŒ,"Last Exile: Fam, the Silver Wing",France,2018-04-04
Mymy ğŸŒ,Sin senos sÃ­ hay paraÃ­so,France,2018-03-31
Mymy ğŸŒ,The Flash,France,2018-03-26
Mymy ğŸŒ,Alexa & Katie,France,2018-03-26
Mymy ğŸŒ,A Korean Odyssey,France,2018-03-25
Mymy ğŸŒ,Camp X-Ray,France,2018-03-25
Mymy ğŸŒ,SWORDGAI The Animation,France,2018-03-23
Mymy ğŸŒ,On My Block,France,2018-03-16
Mymy ğŸŒ,Part-Time Idol,France,2018-03-16
Mymy ğŸŒ,Gate,France,2018-03-16
Mymy ğŸŒ,Back to the Future,France,2018-03-10
Mymy ğŸŒ,Nailed It!,France,2018-03-10
Mymy ğŸŒ,The Spiderwick Chronicles,France,2018-03-10
Mymy ğŸŒ,Percy Jackson & the Olympians: The Lightning Thief,France,2018-03-10
Mymy ğŸŒ,Nowhere Boys,France,2018-03-10
Mymy ğŸŒ,Project Almanac,France,2018-03-10
Mymy ğŸŒ,Kingsman: The Secret Service,France,2018-03-10
Mymy ğŸŒ,BTOOOM!,France,2018-03-09
Mymy ğŸŒ,A.I.C.O.,France,2018-03-09
Mymy ğŸŒ,Children of the Whales,France,2018-03-06
Mymy ğŸŒ,B: The Beginning,France,2018-03-03
