Profile Name,Title Name,Rating Type,Star Value,Thumbs Value,Device Model,Event Utc Ts,Region View Date
invitees ,You,thumb,,2,PS3,2021-12-27 13:17:59,
invitees ,Family Business,thumb,,0,PS3,2020-11-03 21:22:47,
invitees ,The Last Kingdom,thumb,,2,PS3,2018-01-17 20:01:05,
heisenberg,The River Runner,thumb,,0,HTML 5,2023-01-04 13:06:46,
heisenberg,Human Playground,thumb,,3,HTML 5,2022-12-29 00:13:54,
heisenberg,"Connasse, princesse des coeurs",thumb,,2,Windows 8,2022-10-11 19:29:25,
heisenberg,Princess Sarah,thumb,,2,Windows 8,2021-12-30 23:50:32,
heisenberg,Ace Ventura: When Nature Calls,thumb,,2,Windows 8,2021-12-26 22:06:15,
heisenberg,Forrest Gump,thumb,,2,HTML 5,2021-09-10 02:23:51,
heisenberg,The Matrix Reloaded,thumb,,2,iPhone,2021-08-21 19:11:44,
heisenberg,The Matrix Revolutions,thumb,,2,iPhone,2021-08-21 19:11:40,
heisenberg,Shiny_Flakes: The Teenage Drug Lord,thumb,,2,HTML 5,2021-08-17 19:45:04,
heisenberg,New Amsterdam,thumb,,2,HTML 5,2021-07-15 22:04:34,
heisenberg,Sex/Life,thumb,,2,HTML 5,2021-07-07 20:38:56,
heisenberg,Luther,thumb,,2,HTML 5,2020-12-04 19:37:10,
heisenberg,Whiplash,thumb,,2,HTML 5,2020-11-30 22:05:26,
heisenberg,Grave,thumb,,2,Smart TV,2020-08-04 16:11:57,
heisenberg,Arrival,thumb,,2,Windows 8,2020-06-25 12:40:07,
heisenberg,All The Bright Places,thumb,,2,Smart TV,2020-03-19 15:02:31,
heisenberg,Collateral Beauty,thumb,,2,Windows 8,2020-03-02 19:24:39,
heisenberg,My Neighbor Totoro,thumb,,2,Windows 8,2020-02-04 05:10:32,
heisenberg,Grave of the Fireflies,thumb,,2,Windows 8,2019-12-29 20:04:49,
heisenberg,Jarhead,thumb,,0,Smart TV,2019-12-21 13:56:47,
heisenberg,Patch Adams,thumb,,2,Windows 8,2019-08-26 09:10:41,
heisenberg,Death Parade,thumb,,2,PS4,2019-07-11 16:46:12,
heisenberg,One-Punch Man,thumb,,2,Android Phone,2019-05-26 13:37:12,
heisenberg,Erased,thumb,,2,Android Phone,2019-04-21 12:46:38,
heisenberg,Kakegurui,thumb,,2,Windows 8,2019-02-24 20:15:05,
heisenberg,Gone Girl,thumb,,2,PS4,2019-02-23 19:19:49,
heisenberg,No Game No Life,thumb,,2,Windows 8,2019-01-06 13:08:21,
heisenberg,Fifty Shades of Grey,thumb,,1,Windows 8,2019-01-01 13:53:09,
heisenberg,The Sixth Sense,thumb,,2,Windows 8,2018-12-28 18:18:44,
heisenberg,Titeuf,thumb,,0,Smart TV,2018-12-24 17:18:50,
heisenberg,You Me Her,thumb,,0,Smart TV,2018-12-24 17:13:10,
heisenberg,The Shining,thumb,,2,Android Phone,2018-11-07 12:30:17,
heisenberg,Meet Joe Black,thumb,,2,Windows 8,2018-11-06 22:05:53,
heisenberg,Your lie in April,thumb,,2,Windows 8,2018-07-25 21:07:08,
heisenberg,Love,thumb,,2,PS4,2018-07-17 00:07:56,
heisenberg,In Darkness,thumb,,2,PS4,2018-07-02 23:41:04,
heisenberg,Her,thumb,,2,PS4,2018-06-15 23:36:10,
heisenberg,13 Sins,thumb,,2,Windows 8,2018-05-29 19:40:50,
heisenberg,Mom and Dad,thumb,,2,Windows 8,2018-05-29 19:37:35,
heisenberg,The Imitation Game,thumb,,2,Windows 8,2018-05-28 19:07:33,
heisenberg,Dear White People,thumb,,2,PS4,2018-05-19 22:32:18,
heisenberg,Seven Pounds,thumb,,2,Windows 8,2018-05-08 19:28:48,
heisenberg,Catch Me If You Can,thumb,,2,HTML 5,2018-05-05 22:03:20,
heisenberg,The Dark Knight,thumb,,2,HTML 5,2018-05-05 22:03:04,
heisenberg,Zodiac,thumb,,2,HTML 5,2018-05-05 22:02:38,
heisenberg,Inception,thumb,,2,HTML 5,2018-05-05 22:02:31,
heisenberg,Annihilation,thumb,,2,HTML 5,2018-05-02 18:11:22,
heisenberg,The Matrix,thumb,,2,Android Phone,2018-05-02 10:55:23,
heisenberg,Our Souls at Night,thumb,,1,Windows 8,2018-04-13 21:01:13,
heisenberg,Money Heist,thumb,,2,Windows 8,2018-04-08 17:08:50,
heisenberg,Still Alice,thumb,,2,Windows 8,2018-04-08 11:25:58,
heisenberg,Declaration of War,thumb,,2,PS4,2018-03-25 21:17:15,
heisenberg,Irreplaceable You,thumb,,2,PS4,2018-03-25 21:16:54,
heisenberg,Silver Linings Playbook,thumb,,2,PS4,2018-03-08 17:58:33,
heisenberg,American Sniper,thumb,,2,HTML 5,2018-03-03 09:50:54,
heisenberg,The DUFF,thumb,,1,HTML 5,2018-02-21 14:49:17,
heisenberg,Sons of Anarchy,thumb,,2,HTML 5,2018-02-21 11:36:45,
heisenberg,The Red Thread,thumb,,2,HTML 5,2018-02-19 15:07:52,
heisenberg,The Lovely Bones,thumb,,2,HTML 5,2018-02-19 15:07:35,
heisenberg,Blue Jay,thumb,,2,HTML 5,2018-02-19 15:07:21,
heisenberg,Altered Carbon,thumb,,2,HTML 5,2018-02-19 15:07:01,
heisenberg,The End of the F***ing World,thumb,,2,HTML 5,2018-02-19 15:06:54,
heisenberg,The Notebook,thumb,,2,HTML 5,2018-02-19 15:06:42,
heisenberg,Newness,thumb,,2,HTML 5,2018-02-19 15:06:26,
heisenberg,6 Years,thumb,,2,HTML 5,2018-02-19 15:06:17,
heisenberg,To the Bone,thumb,,2,HTML 5,2018-02-19 15:05:43,
heisenberg,Million Dollar Baby,thumb,,2,PS4,2018-02-12 21:31:45,
heisenberg,The Curious Case of Benjamin Button,thumb,,2,PS4,2018-02-12 21:25:28,
heisenberg,Gimme Shelter,thumb,,2,PS4,2018-01-27 21:02:17,
heisenberg,The OA,thumb,,2,Android Phone,2018-01-25 20:23:40,
heisenberg,Breathe,thumb,,2,Android Phone,2018-01-12 10:53:11,
heisenberg,Below Her Mouth,thumb,,2,Android Phone,2018-01-12 10:52:47,
heisenberg,Amar,thumb,,2,Android Phone,2018-01-12 10:52:44,
heisenberg,Breathe In,thumb,,2,Android Phone,2018-01-12 10:52:01,
heisenberg,Dear John,thumb,,2,HTML 5,2018-01-07 17:01:41,
heisenberg,The Show,thumb,,2,Windows 8,2017-12-31 14:42:25,
heisenberg,Blue Is the Warmest Color,thumb,,2,Windows 8,2017-12-03 18:01:44,
heisenberg,Beyond Stranger Things,thumb,,0,PS4,2017-10-29 17:20:18,
heisenberg,The Last Castle,thumb,,2,PS4,2017-10-27 23:25:39,
heisenberg,Freedom Writers,thumb,,2,PS4,2017-10-01 14:42:13,
heisenberg,Before I Fall,thumb,,2,HTML 5,2017-09-25 18:27:02,
heisenberg,The Fault in Our Stars,thumb,,2,PS4,2017-09-04 22:15:13,
heisenberg,Man vs Snake: The Long and Twisted Tale of Nibbler,thumb,,2,PS4,2017-08-17 00:03:06,
heisenberg,Flight,thumb,,2,PS4,2017-08-16 01:27:53,
heisenberg,Cop Watchers,thumb,,2,PS4,2017-08-16 01:27:06,
heisenberg,Skins,thumb,,2,PS4,2017-08-12 01:49:43,
heisenberg,Robots,thumb,,2,PS4,2017-08-10 22:26:42,
heisenberg,Gypsy,thumb,,2,Android Phone,2017-08-10 19:09:29,
heisenberg,LÃ©on: The Professional,thumb,,2,PS4,2017-08-10 01:31:12,
heisenberg,A Series of Unfortunate Events,thumb,,2,PS4,2017-08-09 16:51:17,
heisenberg,Black Mirror,thumb,,2,PS4,2017-08-07 04:50:46,
heisenberg,Philadelphia,thumb,,2,Android Phone,2017-07-14 20:17:03,
heisenberg,Kuromukuro,thumb,,2,PS4,2017-07-08 15:39:55,
heisenberg,42,thumb,,2,HTML 5,2017-06-22 22:04:44,
heisenberg,The Flash,thumb,,2,HTML 5,2017-06-20 22:10:41,
heisenberg,The Get Down,thumb,,2,Android Phone,2017-06-08 11:35:05,
heisenberg,Orange Is the New Black,thumb,,2,Android Phone,2017-06-08 11:06:46,
heisenberg,Log Horizon,thumb,,2,HTML 5,2017-06-03 14:42:13,
heisenberg,Sense8,star,5,2,PS4,2017-05-08 17:17:52,2017-05-08
heisenberg,Orphan Black,thumb,,2,Android Phone,2017-05-03 09:24:19,
heisenberg,Schindler's List,thumb,,2,Android Phone,2017-05-01 21:21:57,
heisenberg,Schindler's List,star,5,2,PS4,2017-04-25 23:48:06,2017-04-25
heisenberg,Lee Daniels' The Butler,star,5,2,PS4,2017-04-22 23:36:41,2017-04-22
heisenberg,R.I.P.D.,star,3,2,PS4,2017-04-21 15:49:50,2017-04-21
heisenberg,Unbreakable,star,5,2,PS4,2017-04-17 09:44:47,2017-04-17
heisenberg,Jappeloup,star,4,2,PS4,2017-04-11 18:03:50,2017-04-11
heisenberg,Born 2 Race,thumb,,1,HTML 5,2017-04-09 12:40:11,
heisenberg,Twinsters,thumb,,2,HTML 5,2017-04-09 11:03:12,
heisenberg,Bicentennial Man,thumb,,2,HTML 5,2017-04-09 11:03:09,
heisenberg,The Bucket List,thumb,,2,HTML 5,2017-04-09 11:03:06,
heisenberg,Requiem for a Dream,thumb,,2,HTML 5,2017-04-09 11:03:02,
heisenberg,Pay It Forward,thumb,,2,HTML 5,2017-04-09 11:02:45,
heisenberg,Tallulah,thumb,,2,HTML 5,2017-04-09 11:02:39,
heisenberg,A Girl Like Her,thumb,,2,HTML 5,2017-04-09 11:02:33,
heisenberg,Into the Wild,thumb,,2,HTML 5,2017-04-09 10:58:58,
heisenberg,Slumdog Millionaire,thumb,,2,HTML 5,2017-04-09 10:58:45,
heisenberg,13 Reasons Why,thumb,,2,HTML 5,2017-04-09 10:58:25,
heisenberg,Requiem for a Dream,star,5,2,Android Phone,2017-04-02 11:08:54,2017-04-02
heisenberg,Zodiac,star,5,2,HTML 5,2017-02-17 22:52:25,2017-02-17
heisenberg,You Me Her,star,4,2,HTML 5,2017-02-15 20:03:50,2017-02-15
heisenberg,The Shining,star,5,2,Android Phone,2017-02-11 13:00:39,2017-01-25
heisenberg,A Series of Unfortunate Events,star,5,2,PS4,2017-01-28 16:09:45,2017-01-26
heisenberg,Rita,star,4,2,Android Phone,2017-01-26 20:19:20,
heisenberg,The Bridge,star,1,1,Android Phone,2017-01-22 08:14:51,
heisenberg,The OA,star,5,2,Android Phone,2017-01-18 21:13:08,2017-01-18
heisenberg,Dexter,star,5,2,HTML 5,2017-01-14 23:43:49,2017-01-14
heisenberg,Twinsters,star,5,2,iPad,2016-12-04 15:45:24,2016-12-04
heisenberg,The Devil's Advocate,star,5,2,PS4,2016-11-20 20:22:34,2016-11-20
heisenberg,La haine,star,5,2,PS4,2016-09-03 15:18:41,2016-09-03
heisenberg,Tallulah,star,4,2,PS4,2016-08-14 23:00:38,2016-08-14
heisenberg,The Magic of Belle Isle,star,5,2,PS4,2016-07-02 21:18:36,2016-07-02
heisenberg,Catch Me If You Can,star,5,2,PS4,2016-07-01 21:07:21,2016-07-01
heisenberg,Luther,star,5,2,PS4,2016-06-25 19:13:18,2016-06-25
heisenberg,Assassination Classroom,star,5,2,Android,2016-06-16 20:46:21,2016-06-14
heisenberg,Evan Almighty,star,4,2,Smart TV,2016-06-14 19:06:18,2016-06-14
heisenberg,Battle Royale,star,5,2,PS4,2016-03-20 20:27:50,2016-03-20
heisenberg,Skins,star,5,2,PS4,2016-01-24 14:17:59,2016-01-24
heisenberg,The Matrix Revolutions,star,5,2,PS4,2016-01-16 20:55:42,2016-01-16
heisenberg,Touchback,star,4,2,Android,2015-11-09 21:35:34,2015-11-09
heisenberg,Coach Carter,star,5,2,Smart TV,2015-11-06 14:50:15,2015-11-06
heisenberg,Breaking Bad,star,5,2,Smart TV,2015-10-25 21:18:44,2015-08-18
heisenberg,Video Game High School,star,5,2,Android,2015-09-10 18:33:14,2015-09-10
heisenberg,8 Mile,star,4,2,Android,2015-09-07 05:29:17,2015-09-07
heisenberg,Jackass 3.5: The Unrated Movie,star,4,2,Android,2015-08-29 20:16:21,2015-08-29
heisenberg,The World's Fastest Indian,star,5,2,Android,2015-08-25 07:42:50,2015-08-21
heisenberg,Orange Is the New Black,star,5,2,Smart TV,2015-08-21 12:06:52,2015-08-21
heisenberg,Arrow,star,5,2,Android,2015-08-18 14:19:38,
Nadia,Chain Reaction,star,4,2,iPad,2016-01-04 17:08:28,2016-01-04
Nadia,MÃ©tronome,star,5,2,iPad,2015-09-20 09:50:27,2015-09-20
Nadia,Toy Story 3,star,5,2,Smart TV,2015-09-17 18:09:08,2015-09-17
Nadia,It's Not Over,star,3,2,iPad,2015-09-16 09:19:18,2015-09-16
Nadia,Bridegroom,star,5,2,iPad,2015-09-14 20:16:39,2015-09-14
Nadia,Ã€ ma sÅ“ur !,star,2,1,iPad,2015-09-02 10:07:10,2015-09-02
Fabrice,The Gray Man,thumb,,2,MVPD STB,2023-01-27 13:55:23,
Fabrice,A Star Is Born,thumb,,2,MVPD STB,2022-12-02 20:47:34,
Fabrice,Walter,thumb,,0,MVPD STB,2022-11-08 11:42:09,
Fabrice,Cobra Kai,thumb,,3,MVPD STB,2022-09-21 11:36:39,
Fabrice,I Came By,thumb,,2,MVPD STB,2022-09-19 19:13:58,
Fabrice,The Lincoln Lawyer,thumb,,2,Smart TV,2022-05-28 12:01:16,
Fabrice,The Game,thumb,,2,Smart TV,2022-05-18 19:24:19,
Fabrice,Hippocrates: Diary of a French Doctor,thumb,,2,Smart TV,2022-05-08 04:28:49,
Fabrice,Yakamoz S-245,thumb,,0,Smart TV,2022-04-24 07:12:33,
Fabrice,Heat,thumb,,3,Smart TV,2022-04-14 14:53:19,
Fabrice,Better Call Saul,thumb,,2,Smart TV,2022-04-14 12:25:22,
Fabrice,Cursed,thumb,,1,Smart TV,2021-10-12 15:06:45,
Fabrice,Post Mortem: No One Dies in Skarnes,thumb,,2,Smart TV,2021-09-03 18:52:04,
Fabrice,Burn Out,thumb,,2,Smart TV,2021-05-25 18:07:33,
Fabrice,The Serpent,thumb,,2,iPhone,2021-05-23 18:47:54,
Fabrice,Extraction,thumb,,0,iPhone,2021-04-13 19:38:12,
Fabrice,24,thumb,,2,Smart TV,2021-02-12 19:06:58,
Fabrice,Happy Death Day,thumb,,2,Smart TV,2021-01-28 12:32:50,
Fabrice,Pieces of a Woman,thumb,,2,Smart TV,2021-01-21 21:24:27,
Fabrice,The Uninvited,thumb,,2,Smart TV,2021-01-04 12:32:15,
Fabrice,The Climb,thumb,,2,Smart TV,2020-12-17 07:54:15,
Fabrice,Donâ€™t Listen,thumb,,2,Smart TV,2020-12-14 19:45:42,
Fabrice,Ava,thumb,,2,Smart TV,2020-12-11 21:43:40,
Fabrice,The Cave,thumb,,2,Smart TV,2020-12-07 16:22:45,
Fabrice,Vikings,thumb,,2,Smart TV,2020-12-05 12:52:27,
Fabrice,Innocence,thumb,,1,Smart TV,2020-11-16 11:51:14,
Fabrice,How to Get Away With Murder,thumb,,2,PS3,2020-10-21 21:30:36,
Fabrice,The Haunting of Bly Manor,thumb,,2,Smart TV,2020-10-11 20:02:32,
Fabrice,Family Business,thumb,,0,Smart TV,2020-10-07 16:32:31,
Fabrice,The Binding,thumb,,1,Smart TV,2020-10-06 16:24:07,
Fabrice,The Paramedic,thumb,,1,Smart TV,2020-09-29 13:27:18,
Fabrice,#Alive,thumb,,2,iPhone,2020-09-12 08:00:01,
Fabrice,6 Underground,thumb,,2,Smart TV,2020-05-08 15:27:23,
Fabrice,The Giver,thumb,,2,Smart TV,2019-12-23 20:07:59,
Fabrice,War Dogs,thumb,,2,Smart TV,2019-11-20 12:35:09,
Fabrice,Last Knights,thumb,,2,Smart TV,2019-09-25 14:16:31,
Fabrice,96 Hours,thumb,,2,Smart TV,2019-09-24 19:44:34,
Fabrice,Hold the Dark,thumb,,2,PS4,2019-03-15 14:47:39,
Fabrice,The Visit,thumb,,1,Smart TV,2019-01-14 14:17:03,
Fabrice,Whiplash,thumb,,2,Smart TV,2018-12-27 20:00:52,
Fabrice,The Mummy Returns,thumb,,2,HTML 5,2018-09-19 16:34:32,
Fabrice,The Town,thumb,,2,Smart TV,2018-08-03 06:01:54,
Fabrice,The Purge: Anarchy,thumb,,2,Smart TV,2018-07-03 12:17:09,
Fabrice,The Forest,thumb,,1,Smart TV,2018-06-25 12:24:41,
Fabrice,The Open House,thumb,,1,Smart TV,2018-01-23 19:38:52,
Fabrice,The Signal,thumb,,2,Smart TV,2018-01-03 20:45:33,
Fabrice,Outlander,thumb,,2,Smart TV,2017-12-28 13:08:22,
Fabrice,Jennifer's Body,thumb,,1,Smart TV,2017-10-20 09:17:37,
Fabrice,Radio,thumb,,2,Smart TV,2017-10-18 17:12:19,
Fabrice,Offline â€“ Das Leben ist kein Bonuslevel,thumb,,2,Smart TV,2017-09-18 12:53:21,
Fabrice,Mirrors,thumb,,2,Smart TV,2017-08-30 12:26:04,
Fabrice,Case 39,thumb,,2,Smart TV,2017-06-27 16:25:30,
Fabrice,The Thing,thumb,,2,Smart TV,2017-06-26 16:50:12,
Fabrice,iBOY,thumb,,2,Smart TV,2017-06-19 12:52:10,
Fabrice,The Big Picture,thumb,,2,Smart TV,2017-06-14 19:23:24,
Fabrice,The Flash,thumb,,2,Smart TV,2017-06-11 19:02:02,
Fabrice,Australia,thumb,,2,Smart TV,2017-06-05 13:20:17,
Fabrice,Priest,thumb,,1,Smart TV,2017-06-02 10:59:17,
Fabrice,Lucky Number Slevin,thumb,,2,Smart TV,2017-04-23 19:27:31,
Fabrice,The Crown,star,4,2,Smart TV,2016-11-21 19:22:14,2016-11-21
Fabrice,The Call,star,4,2,Smart TV,2016-10-30 15:08:24,2016-10-30
Fabrice,Tremors,star,2,1,Smart TV,2016-10-02 22:00:59,2016-10-02
Fabrice,Love Me No More,star,4,2,Smart TV,2016-09-30 20:32:39,2016-09-30
Fabrice,Pawn,star,3,2,Smart TV,2016-09-29 14:14:39,2016-09-29
Fabrice,Hope Floats,star,3,2,Smart TV,2016-09-28 12:54:28,
Fabrice,The Ring,star,4,2,Smart TV,2016-09-23 16:04:56,2016-09-23
Fabrice,Devil,star,3,2,Smart TV,2016-09-20 12:20:19,2016-09-20
Fabrice,Dark Skies,star,4,2,Smart TV,2016-09-09 11:14:37,2016-09-09
Fabrice,U-571,star,4,2,Smart TV,2016-09-08 15:33:20,2016-09-08
Fabrice,The Manchurian Candidate,star,4,2,Smart TV,2016-09-07 11:43:16,2016-09-07
Fabrice,Epic,star,3,2,Smart TV,2016-08-29 19:20:00,2016-08-29
Fabrice,Stand by Me,star,3,2,Smart TV,2016-07-10 08:18:37,2016-07-10
Fabrice,Take Shelter,star,4,2,Smart TV,2016-07-08 21:43:15,2016-07-08
Fabrice,Bloodline,star,4,2,Smart TV,2016-06-25 19:14:22,2016-06-25
Fabrice,The Matrix Revolutions,star,5,2,Smart TV,2016-06-23 18:40:31,2016-06-23
Fabrice,The Matrix,star,5,2,Smart TV,2016-06-09 17:37:20,2016-06-09
Fabrice,Special Correspondents,star,3,2,Smart TV,2016-06-08 08:17:02,2016-06-08
Fabrice,Black Hawk Down,star,4,2,Smart TV,2016-06-07 20:04:15,2016-06-07
Fabrice,Signs,star,4,2,Smart TV,2016-05-06 20:18:33,2016-05-06
Fabrice,Jaws 2,star,3,2,Smart TV,2016-03-13 20:09:05,2016-03-13
Fabrice,Lost,star,5,2,Smart TV,2016-02-14 20:40:48,2016-02-14
Fabrice,Sense8,star,5,2,Smart TV,2015-08-30 19:56:15,2015-08-30
Mymy ğŸŒ,The Bletchley Circle: San Francisco,thumb,,3,iPad,2023-02-20 20:14:36,
Mymy ğŸŒ,The Law According to Lidia PoÃ«t,thumb,,3,iPad,2023-02-20 20:14:10,
Mymy ğŸŒ,Enola Holmes 2,thumb,,3,iPhone,2022-11-11 21:38:43,
Mymy ğŸŒ,The Sandman,thumb,,3,iPad,2022-08-29 13:02:22,
Mymy ğŸŒ,Suits,thumb,,3,iPhone,2022-06-26 13:12:11,
Mymy ğŸŒ,"The Mind, Explained",thumb,,3,Smart TV,2022-06-25 19:12:49,
Mymy ğŸŒ,Descendants of the Sun,thumb,,3,iPad,2022-05-27 20:51:28,
Mymy ğŸŒ,Rain or Shine,thumb,,0,iPad,2022-05-27 20:51:16,
Mymy ğŸŒ,Stranger,thumb,,2,iPad,2020-10-27 08:39:51,
Mymy ğŸŒ,Sherlock,thumb,,2,iPad,2020-09-11 04:10:30,
Mymy ğŸŒ,The King: Eternal Monarch,thumb,,2,Android Phone,2020-06-25 10:25:33,
Mymy ğŸŒ,Pride and Prejudice,thumb,,2,iPad,2020-05-25 20:31:30,
Mymy ğŸŒ,W â€“ Two Worlds Apart,thumb,,2,Android Phone,2020-05-24 11:59:16,
Mymy ğŸŒ,Two Cops,thumb,,2,Android Phone,2020-05-23 10:49:30,
Mymy ğŸŒ,The Girl Who Sees Scents,thumb,,2,Windows 8,2020-05-23 09:19:59,
Mymy ğŸŒ,Assassination Classroom,thumb,,2,iPad,2020-05-21 15:38:00,
Mymy ğŸŒ,Healer,thumb,,2,iPad,2020-05-15 19:09:12,
Mymy ğŸŒ,A Korean Odyssey,thumb,,2,iPad,2020-05-11 19:56:52,
Mymy ğŸŒ,My Holo Love,thumb,,2,iPad,2020-05-05 17:20:59,
Mymy ğŸŒ,Kill Me Heal Me,thumb,,2,iPad,2020-05-04 20:47:20,
Mymy ğŸŒ,The Knight Before Christmas,thumb,,2,Android Phone,2020-01-31 21:05:14,
Mymy ğŸŒ,Cinderella and the Four Knights,thumb,,2,Windows 8,2019-12-21 14:56:42,
Mymy ğŸŒ,The Liar and His Lover,thumb,,2,Android Phone,2019-12-14 20:51:20,
Mymy ğŸŒ,Beating Again,thumb,,2,Android Phone,2019-12-14 20:51:09,
Mymy ğŸŒ,GO! The Unforgettable Party,thumb,,2,iPad,2019-11-15 08:18:58,
Mymy ğŸŒ,Kuroko's Basketball,thumb,,2,iPad,2019-11-14 16:22:30,
Mymy ğŸŒ,The Prince & Me,thumb,,2,iPad,2019-11-09 10:35:59,
Mymy ğŸŒ,Interior Design Masters,thumb,,2,Android Phone,2019-10-24 06:48:15,
Mymy ğŸŒ,Pitch Perfect 2,thumb,,2,Android Phone,2019-10-01 14:52:04,
Mymy ğŸŒ,Pitch Perfect,thumb,,2,Android Phone,2019-10-01 13:57:33,
Mymy ğŸŒ,Well-Intended Love,thumb,,2,Android Phone,2019-09-28 17:19:22,
Mymy ğŸŒ,Trio,thumb,,2,Windows 8,2019-09-25 13:57:27,
Mymy ğŸŒ,Wolfblood,thumb,,2,iPad,2019-09-22 11:43:18,
Mymy ğŸŒ,Falling Inn Love,thumb,,2,Android Phone,2019-09-19 17:57:10,
Mymy ğŸŒ,A Christmas Prince: The Royal Wedding,thumb,,2,Windows 8,2019-09-14 14:03:14,
Mymy ğŸŒ,Tall Girl,thumb,,2,Android Phone,2019-09-14 13:55:40,
Mymy ğŸŒ,The Princess Switch,thumb,,2,Android Phone,2019-09-11 20:03:17,
Mymy ğŸŒ,Dirty Dancing,thumb,,2,Windows 8,2019-09-08 08:47:43,
Mymy ğŸŒ,Love Alarm,thumb,,2,Android Phone,2019-09-03 14:40:29,
Mymy ğŸŒ,Burlesque,thumb,,2,Windows 8,2019-08-22 11:51:56,
Mymy ğŸŒ,The Little Mermaid,thumb,,2,Windows 8,2019-08-22 09:25:37,
Mymy ğŸŒ,Family Reunion,thumb,,2,Windows 8,2019-07-18 18:44:14,
Mymy ğŸŒ,Sirius the Jaeger,thumb,,2,Windows 8,2019-07-13 08:53:26,
Mymy ğŸŒ,Next Gen,thumb,,2,Windows 8,2019-07-13 08:46:44,
Mymy ğŸŒ,é»’åŸ·äº‹ Book of the Atlantic,thumb,,2,iPad,2019-06-01 05:36:09,
Mymy ğŸŒ,Bleach,thumb,,2,Android Phone,2019-05-17 19:27:36,
Mymy ğŸŒ,Guilty Crown,thumb,,2,Android Phone,2019-04-08 08:20:23,
Mymy ğŸŒ,Ultraman,thumb,,2,Android Phone,2019-04-03 14:37:05,
Mymy ğŸŒ,The Order,thumb,,2,Android Phone,2019-03-17 12:13:32,
Mymy ğŸŒ,Blue Exorcist,thumb,,2,Android Phone,2019-03-06 05:06:58,
Mymy ğŸŒ,Go! Live Your Way,thumb,,2,Android Phone,2019-02-26 21:06:31,
Mymy ğŸŒ,DEATH NOTE,thumb,,2,Android Phone,2019-02-18 22:26:20,
Mymy ğŸŒ,Kakegurui,thumb,,2,Android Phone,2019-02-05 20:13:38,
Mymy ğŸŒ,Free Rein: Valentine's Day,thumb,,2,Android Phone,2019-02-04 12:53:53,
Mymy ğŸŒ,Rise of the Guardians,thumb,,2,Android Phone,2019-01-26 12:01:48,
Mymy ğŸŒ,BAKI,thumb,,2,Android Phone,2019-01-09 13:23:33,
Mymy ğŸŒ,The Seven Deadly Sins the Movie: Prisoners of the Sky,thumb,,2,Android Phone,2019-01-05 11:14:40,
Mymy ğŸŒ,White Collar,thumb,,2,Android Phone,2018-12-30 16:24:15,
Mymy ğŸŒ,Fullmetal Alchemist: Brotherhood,thumb,,2,Android Phone,2018-12-30 16:22:09,
Mymy ğŸŒ,Is It Wrong to Try to Pick Up Girls in a Dungeon?,thumb,,2,Android Phone,2018-12-30 16:21:44,
Mymy ğŸŒ,No Game No Life,thumb,,2,Android Phone,2018-12-29 11:31:05,
Mymy ğŸŒ,Vert Ã‰meraude,thumb,,2,Android Phone,2018-12-25 12:40:25,
Mymy ğŸŒ,Bleu Saphir,thumb,,2,Android Phone,2018-12-25 12:40:19,
Mymy ğŸŒ,Rouge rubis,thumb,,2,Android Phone,2018-12-25 12:40:13,
Mymy ğŸŒ,Free Rein: The Twelve Neighs of Christmas,thumb,,2,Android Phone,2018-12-16 10:16:05,
Mymy ğŸŒ,The Twilight Saga: New Moon,thumb,,2,Android Phone,2018-11-18 12:29:08,
Mymy ğŸŒ,Twilight,thumb,,2,Android Phone,2018-11-18 12:29:04,
Mymy ğŸŒ,Harry Potter and the Deathly Hallows: Part 2,thumb,,2,Android Phone,2018-11-18 12:28:50,
Mymy ğŸŒ,Harry Potter and the Deathly Hallows: Part 1,thumb,,2,Android Phone,2018-11-18 12:28:47,
Mymy ğŸŒ,Harry Potter and the Order of the Phoenix,thumb,,2,Android Phone,2018-11-18 12:28:40,
Mymy ğŸŒ,Harry Potter and the Goblet of Fire,thumb,,2,Android Phone,2018-11-18 12:28:36,
Mymy ğŸŒ,Harry Potter and the Half-Blood Prince,thumb,,2,Android Phone,2018-11-18 12:28:27,
Mymy ğŸŒ,Harry Potter and the Prisoner of Azkaban,thumb,,2,Android Phone,2018-11-18 12:28:20,
Mymy ğŸŒ,Harry Potter and the Chamber of Secrets,thumb,,2,Android Phone,2018-11-18 12:28:16,
Mymy ğŸŒ,Harry Potter and the Sorcerer's Stone,thumb,,2,Android Phone,2018-11-18 12:28:11,
Mymy ğŸŒ,Forest of Piano,thumb,,2,Android Phone,2018-10-14 11:56:07,
Mymy ğŸŒ,LOST SONG,thumb,,2,Android Phone,2018-10-14 11:56:03,
Mymy ğŸŒ,Meteor Garden,thumb,,2,Android Phone,2018-10-14 11:55:38,
Mymy ğŸŒ,Mobile Suit Gundam UC,thumb,,2,Android Phone,2018-10-14 11:55:19,
Mymy ğŸŒ,Doctor Who,thumb,,2,Android Phone,2018-10-12 10:42:05,
Mymy ğŸŒ,Full Out,thumb,,2,Android Phone,2018-07-06 20:14:33,
Mymy ğŸŒ,Your lie in April,thumb,,2,Android Phone,2018-07-06 20:14:24,
Mymy ğŸŒ,Terror in Resonance,thumb,,2,Android Phone,2018-07-06 20:12:55,
Mymy ğŸŒ,BTOOOM!,thumb,,2,Android Phone,2018-07-06 20:11:58,
Mymy ğŸŒ,Psycho-Pass,thumb,,2,Android Phone,2018-07-06 20:11:49,
Mymy ğŸŒ,Greenhouse Academy,thumb,,2,Android Phone,2018-07-06 20:11:21,
Mymy ğŸŒ,Naruto Shippuden,thumb,,2,Android Phone,2018-07-06 20:11:12,
Mymy ğŸŒ,B: The Beginning,thumb,,2,Android Phone,2018-07-06 20:11:02,
Mymy ğŸŒ,SWORDGAI The Animation,thumb,,2,Android Phone,2018-07-06 20:10:31,
Mymy ğŸŒ,Magi,thumb,,2,Android Phone,2018-07-06 20:09:59,
Mymy ğŸŒ,Step Up: Revolution,thumb,,2,Android Phone,2018-07-06 20:09:53,
Mymy ğŸŒ,Honey 2,thumb,,2,Android Phone,2018-07-06 20:09:44,
Mymy ğŸŒ,The Twilight Saga: Eclipse,thumb,,2,Android Phone,2018-07-02 12:24:33,
Mymy ğŸŒ,The Twilight Saga: Breaking Dawn: Part 1,thumb,,2,Android Phone,2018-07-02 12:24:24,
Mymy ğŸŒ,The Twilight Saga: Breaking Dawn: Part 2,thumb,,2,Android Phone,2018-07-02 12:24:20,
Mymy ğŸŒ,The Asterisk War,thumb,,2,Android Phone,2018-07-02 12:23:25,
Mymy ğŸŒ,13 Reasons Why,thumb,,2,Android Phone,2018-07-01 16:06:51,
Mymy ğŸŒ,Free Rein,thumb,,2,Android Phone,2018-07-01 12:17:41,
Mymy ğŸŒ,Project McÂ²,thumb,,2,Android Phone,2018-07-01 12:17:18,
Mymy ğŸŒ,Black Butler,thumb,,2,Android Phone,2018-07-01 12:15:19,
Mymy ğŸŒ,13 Reasons Why,star,5,2,iPad,2018-05-16 11:32:20,
Mymy ğŸŒ,Spirit Riding Free,thumb,,2,Android Phone,2018-04-18 16:49:45,
Mymy ğŸŒ,Dragons: Race to the Edge,thumb,,2,Android Phone,2018-04-18 16:49:36,
Mymy ğŸŒ,Food Wars!: Shokugeki no Soma,thumb,,2,Android Phone,2018-04-18 16:49:18,
Mymy ğŸŒ,Yu-Gi-Oh!,thumb,,2,Android Phone,2018-04-18 16:49:05,
Mymy ğŸŒ,A.I.C.O.,thumb,,2,Android Phone,2018-04-18 16:48:19,
Mymy ğŸŒ,Fairy Tail,thumb,,2,Android Phone,2018-04-18 16:48:11,
Mymy ğŸŒ,Altered Carbon,thumb,,2,Android Phone,2018-04-18 16:48:06,
Mymy ğŸŒ,The Flash,thumb,,2,Android Phone,2018-04-18 16:48:00,
Mymy ğŸŒ,Sword Art Online,thumb,,2,Android Phone,2018-04-18 16:47:54,
Mymy ğŸŒ,The Mentalist,thumb,,2,Android Phone,2018-04-18 16:47:48,
Mymy ğŸŒ,Elementary,thumb,,2,Android Phone,2018-04-18 16:47:44,
Mymy ğŸŒ,Hunter X Hunter (2011),thumb,,2,Android Phone,2018-04-18 16:46:28,
Mymy ğŸŒ,Vampire Knight,thumb,,2,Android Phone,2018-04-18 16:46:10,
Mymy ğŸŒ,Shadowhunters: The Mortal Instruments,thumb,,2,Android Phone,2018-04-07 15:25:47,
Mymy ğŸŒ,Good Witch,thumb,,2,Android Phone,2018-04-07 15:25:39,
Mymy ğŸŒ,Reign,thumb,,2,Android Phone,2018-04-07 15:25:29,
Mymy ğŸŒ,AJIN: Demi-Human,thumb,,2,Android Phone,2018-04-07 15:25:23,
Mymy ğŸŒ,Gargantia on the Verdurous Planet,thumb,,2,Android Phone,2018-04-07 15:25:14,
Mymy ğŸŒ,Percy Jackson & the Olympians: The Lightning Thief,thumb,,2,Android Phone,2018-04-07 15:24:57,
Mymy ğŸŒ,Log Horizon,thumb,,2,Android Phone,2018-04-07 15:24:43,
Mymy ğŸŒ,Magi: Adventure of Sinbad,thumb,,2,Android Phone,2018-04-07 15:24:36,
Mymy ğŸŒ,Tokyo Ghoul,thumb,,2,Android Phone,2018-04-07 15:24:09,
Mymy ğŸŒ,Teen Wolf,thumb,,2,Android Phone,2018-04-07 15:23:53,
Mymy ğŸŒ,The Seven Deadly Sins,thumb,,2,Android Phone,2018-04-07 15:23:39,
Mymy ğŸŒ,Black Bullet,thumb,,2,Android Phone,2018-04-07 15:23:16,
Mymy ğŸŒ,Naruto,thumb,,2,PS3,2017-08-02 21:45:42,
Mymy ğŸŒ,Dramaworld,thumb,,0,PS3,2017-07-31 22:29:09,
Mymy ğŸŒ,Minor Details,star,5,2,iPad,2016-10-12 15:02:25,2016-10-12
Mymy ğŸŒ,Hunter X Hunter (2011),star,5,2,iPad,2016-09-05 15:21:12,2016-09-05
Mymy ğŸŒ,Good Witch,star,5,2,iPad,2016-09-01 19:49:29,2016-09-01
Mymy ğŸŒ,Magi: Adventure of Sinbad,star,5,2,iPad,2016-09-01 10:06:50,2016-09-01
Mymy ğŸŒ,Attack on Titan,star,5,2,iPad,2016-08-30 18:34:59,2016-08-30
Mymy ğŸŒ,Sword Art Online II,star,5,2,iPad,2016-08-28 19:42:52,2016-08-28
Mymy ğŸŒ,Percy Jackson: Sea of Monsters,star,5,2,iPad,2016-08-27 22:59:45,2016-08-27
Mymy ğŸŒ,Epic,star,5,2,iPad,2016-08-27 21:13:24,2016-08-27
Mymy ğŸŒ,Terror in Resonance,star,5,2,iPad,2016-07-13 00:38:10,2016-07-13
Mymy ğŸŒ,Magi,star,5,2,iPad,2016-07-12 19:55:41,2016-07-12
Mymy ğŸŒ,Fairy Tail the Movie: Phoenix Priestess,star,5,2,iPad,2016-05-29 10:42:01,2016-05-29
Mymy ğŸŒ,The Seven Deadly Sins,star,5,2,iPad,2016-05-18 11:55:33,2016-05-18
Mymy ğŸŒ,Tuck Everlasting,star,3,2,iPad,2016-05-15 20:51:00,2016-05-15
Mymy ğŸŒ,DEATH NOTE,star,5,2,iPad,2016-05-07 18:35:10,2016-05-07
Mymy ğŸŒ,Black Butler,star,5,2,iPad,2016-05-06 22:19:07,2016-05-06
Mymy ğŸŒ,AJIN: Demi-Human,star,5,2,iPad,2016-05-06 11:01:02,2016-05-06
Mymy ğŸŒ,Tokyo Ghoul,star,5,2,iPad,2016-04-23 18:05:28,2016-04-23
Mymy ğŸŒ,Teen Wolf,star,5,2,iPad,2016-04-06 05:48:31,2016-04-06
Mymy ğŸŒ,Shadowhunters: The Mortal Instruments,star,5,2,iPad,2016-03-26 21:18:53,2016-03-26
Mymy ğŸŒ,Reign,star,5,2,iPad,2016-03-19 12:36:04,2016-03-19
Mymy ğŸŒ,H2O: Just Add Water,star,5,2,iPad,2016-03-13 11:25:16,2016-03-13
Mymy ğŸŒ,Beauty & the Briefcase,star,5,2,iPad,2016-03-11 10:24:28,2016-03-11
Mymy ğŸŒ,The Mentalist,star,5,2,iPad,2016-03-05 09:50:59,2016-03-05
Mymy ğŸŒ,Pretty Little Liars,star,5,2,iPad,2016-03-04 07:53:56,2016-03-04
Mymy ğŸŒ,H2O: Mermaid Adventures,star,2,1,iPod,2016-02-05 05:30:51,
